Season,Episode,Part,Length,Date,Doc1,Doc2,Doc3,Doc4,Doc5,Doc6,Doc7,Doc8,Doc9,Doc10,Doc11,Doc12,Doc13,Title,Title (temp),,
1,1,1,25,1963-11-23,y,0,0,0,0,0,0,0,0,0,0,0,0,An Unearthly Child,An Unearthly Child,,
1,2,2,25,1963-11-30,y,0,0,0,0,0,0,0,0,0,0,0,0,An Unearthly Child,0,,
1,3,3,25,1963-12-07,y,0,0,0,0,0,0,0,0,0,0,0,0,An Unearthly Child,0,,
1,4,4,25,1963-12-14,y,0,0,0,0,0,0,0,0,0,0,0,0,An Unearthly Child,0,,
1,5,1,25,1963-12-21,y,0,0,0,0,0,0,0,0,0,0,0,0,The Daleks,The Daleks,,
1,6,2,25,1963-12-28,y,0,0,0,0,0,0,0,0,0,0,0,0,The Daleks,0,,
1,7,3,25,1964-01-04,y,0,0,0,0,0,0,0,0,0,0,0,0,The Daleks,0,,
1,8,4,25,1964-01-11,y,0,0,0,0,0,0,0,0,0,0,0,0,The Daleks,0,,
1,9,5,25,1964-01-18,y,0,0,0,0,0,0,0,0,0,0,0,0,The Daleks,0,,
1,10,6,25,1964-01-25,y,0,0,0,0,0,0,0,0,0,0,0,0,The Daleks,0,,
1,11,7,25,1964-02-01,y,0,0,0,0,0,0,0,0,0,0,0,0,The Daleks,0,,
1,12,1,25,1964-02-08,y,0,0,0,0,0,0,0,0,0,0,0,0,The Edge Of Destruction,The Edge Of Destruction,,
1,13,2,25,1964-02-15,y,0,0,0,0,0,0,0,0,0,0,0,0,The Edge Of Destruction,0,,
1,14,1,25,1964-02-22,y,0,0,0,0,0,0,0,0,0,0,0,0,Marco Polo,Marco Polo,,
1,15,2,25,1964-02-29,y,0,0,0,0,0,0,0,0,0,0,0,0,Marco Polo,0,,
1,16,3,25,1964-03-07,y,0,0,0,0,0,0,0,0,0,0,0,0,Marco Polo,0,,
1,17,4,25,1964-03-14,y,0,0,0,0,0,0,0,0,0,0,0,0,Marco Polo,0,,
1,18,5,25,1964-03-21,y,0,0,0,0,0,0,0,0,0,0,0,0,Marco Polo,0,,
1,19,6,25,1964-03-28,y,0,0,0,0,0,0,0,0,0,0,0,0,Marco Polo,0,,
1,20,7,25,1964-04-04,y,0,0,0,0,0,0,0,0,0,0,0,0,Marco Polo,0,,
1,21,1,25,1964-04-11,y,0,0,0,0,0,0,0,0,0,0,0,0,The Keys Of Marinus,The Keys Of Marinus,,
1,22,2,25,1964-04-18,y,0,0,0,0,0,0,0,0,0,0,0,0,The Keys Of Marinus,0,,
1,23,3,25,1964-04-25,y,0,0,0,0,0,0,0,0,0,0,0,0,The Keys Of Marinus,0,,
1,24,4,25,1964-05-02,y,0,0,0,0,0,0,0,0,0,0,0,0,The Keys Of Marinus,0,,
1,25,5,25,1964-05-09,y,0,0,0,0,0,0,0,0,0,0,0,0,The Keys Of Marinus,0,,
1,26,6,25,1964-05-16,y,0,0,0,0,0,0,0,0,0,0,0,0,The Keys Of Marinus,0,,
1,27,1,25,1964-05-23,y,0,0,0,0,0,0,0,0,0,0,0,0,The Aztecs,The Aztecs,,
1,28,2,25,1964-05-30,y,0,0,0,0,0,0,0,0,0,0,0,0,The Aztecs,0,,
1,29,3,25,1964-06-06,y,0,0,0,0,0,0,0,0,0,0,0,0,The Aztecs,0,,
1,30,4,25,1964-06-13,y,0,0,0,0,0,0,0,0,0,0,0,0,The Aztecs,0,,
1,31,1,25,1964-06-20,y,0,0,0,0,0,0,0,0,0,0,0,0,The Sensorites,The Sensorites,,
1,32,2,25,1964-06-27,y,0,0,0,0,0,0,0,0,0,0,0,0,The Sensorites,0,,
1,33,3,25,1964-07-11,y,0,0,0,0,0,0,0,0,0,0,0,0,The Sensorites,0,,
1,34,4,25,1964-07-18,y,0,0,0,0,0,0,0,0,0,0,0,0,The Sensorites,0,,
1,35,5,25,1964-07-25,y,0,0,0,0,0,0,0,0,0,0,0,0,The Sensorites,0,,
1,36,6,25,1964-08-01,y,0,0,0,0,0,0,0,0,0,0,0,0,The Sensorites,0,,
1,37,1,25,1964-08-08,y,0,0,0,0,0,0,0,0,0,0,0,0,The Reign of Terror,The Reign of Terror,,
1,38,2,25,1964-08-15,y,0,0,0,0,0,0,0,0,0,0,0,0,The Reign of Terror,0,,
1,39,3,25,1964-08-22,y,0,0,0,0,0,0,0,0,0,0,0,0,The Reign of Terror,0,,
1,40,4,25,1964-08-29,y,0,0,0,0,0,0,0,0,0,0,0,0,The Reign of Terror,0,,
1,41,5,25,1964-09-05,y,0,0,0,0,0,0,0,0,0,0,0,0,The Reign of Terror,0,,
1,42,6,25,1964-09-12,y,0,0,0,0,0,0,0,0,0,0,0,0,The Reign of Terror,0,,
2,43,1,25,1964-10-31,y,0,0,0,0,0,0,0,0,0,0,0,0,Planet of Giants,Planet of Giants,,
2,44,2,25,1964-11-07,y,0,0,0,0,0,0,0,0,0,0,0,0,Planet of Giants,0,,
2,45,3,25,1964-11-14,y,0,0,0,0,0,0,0,0,0,0,0,0,Planet of Giants,0,,
2,46,1,25,1964-11-21,y,0,0,0,0,0,0,0,0,0,0,0,0,The Dalek Invasion of Earth,The Dalek Invasion of Earth,,
2,47,2,25,1964-11-28,y,0,0,0,0,0,0,0,0,0,0,0,0,The Dalek Invasion of Earth,0,,
2,48,3,25,1964-12-05,y,0,0,0,0,0,0,0,0,0,0,0,0,The Dalek Invasion of Earth,0,,
2,49,4,25,1964-12-12,y,0,0,0,0,0,0,0,0,0,0,0,0,The Dalek Invasion of Earth,0,,
2,50,5,25,1964-12-19,y,0,0,0,0,0,0,0,0,0,0,0,0,The Dalek Invasion of Earth,0,,
2,51,6,25,1964-12-26,y,0,0,0,0,0,0,0,0,0,0,0,0,The Dalek Invasion of Earth,0,,
2,52,1,25,1965-01-02,y,0,0,0,0,0,0,0,0,0,0,0,0,The Rescue,The Rescue,,
2,53,2,25,1965-01-09,y,0,0,0,0,0,0,0,0,0,0,0,0,The Rescue,0,,
2,54,1,25,1965-01-16,y,0,0,0,0,0,0,0,0,0,0,0,0,The Romans,The Romans,,
2,55,2,25,1965-01-23,y,0,0,0,0,0,0,0,0,0,0,0,0,The Romans,0,,
2,56,3,25,1965-01-30,y,0,0,0,0,0,0,0,0,0,0,0,0,The Romans,0,,
2,57,4,25,1965-02-06,y,0,0,0,0,0,0,0,0,0,0,0,0,The Romans,0,,
2,58,1,25,1965-02-13,y,0,0,0,0,0,0,0,0,0,0,0,0,The Web Planet,The Web Planet,,
2,59,2,25,1965-02-20,y,0,0,0,0,0,0,0,0,0,0,0,0,The Web Planet,0,,
2,60,3,25,1965-02-27,y,0,0,0,0,0,0,0,0,0,0,0,0,The Web Planet,0,,
2,61,4,25,1965-03-06,y,0,0,0,0,0,0,0,0,0,0,0,0,The Web Planet,0,,
2,62,5,25,1965-03-13,y,0,0,0,0,0,0,0,0,0,0,0,0,The Web Planet,0,,
2,63,6,25,1965-03-20,y,0,0,0,0,0,0,0,0,0,0,0,0,The Web Planet,0,,
2,64,1,25,1965-03-27,y,0,0,0,0,0,0,0,0,0,0,0,0,The Crusade,The Crusade,,
2,65,2,25,1965-04-03,y,0,0,0,0,0,0,0,0,0,0,0,0,The Crusade,0,,
2,66,3,25,1965-04-10,y,0,0,0,0,0,0,0,0,0,0,0,0,The Crusade,0,,
2,67,4,25,1965-04-17,y,0,0,0,0,0,0,0,0,0,0,0,0,The Crusade,0,,
2,68,1,25,1965-04-24,y,0,0,0,0,0,0,0,0,0,0,0,0,The Space Museum,The Space Museum,,
2,69,2,25,1965-05-01,y,0,0,0,0,0,0,0,0,0,0,0,0,The Space Museum,0,,
2,70,3,25,1965-05-08,y,0,0,0,0,0,0,0,0,0,0,0,0,The Space Museum,0,,
2,71,4,25,1965-05-15,y,0,0,0,0,0,0,0,0,0,0,0,0,The Space Museum,0,,
2,72,1,25,1965-05-22,y,0,0,0,0,0,0,0,0,0,0,0,0,The Chase,The Chase,,
2,73,2,25,1965-05-29,y,0,0,0,0,0,0,0,0,0,0,0,0,The Chase,0,,
2,74,3,25,1965-06-05,y,0,0,0,0,0,0,0,0,0,0,0,0,The Chase,0,,
2,75,4,25,1965-06-12,y,0,0,0,0,0,0,0,0,0,0,0,0,The Chase,0,,
2,76,5,25,1965-06-19,y,0,0,0,0,0,0,0,0,0,0,0,0,The Chase,0,,
2,77,6,25,1965-06-26,y,0,0,0,0,0,0,0,0,0,0,0,0,The Chase,0,,
2,78,1,25,1965-07-03,y,0,0,0,0,0,0,0,0,0,0,0,0,The Time Meddler,The Time Meddler,,
2,79,2,25,1965-07-10,y,0,0,0,0,0,0,0,0,0,0,0,0,The Time Meddler,0,,
2,80,3,25,1965-07-17,y,0,0,0,0,0,0,0,0,0,0,0,0,The Time Meddler,0,,
2,81,4,25,1965-07-24,y,0,0,0,0,0,0,0,0,0,0,0,0,The Time Meddler,0,,
3,82,1,25,1965-09-11,y,0,0,0,0,0,0,0,0,0,0,0,0,Galaxy 4,Galaxy 4,,
3,83,2,25,1965-09-18,y,0,0,0,0,0,0,0,0,0,0,0,0,Galaxy 4,0,,
3,84,3,25,1965-09-25,y,0,0,0,0,0,0,0,0,0,0,0,0,Galaxy 4,0,,
3,85,4,25,1965-10-02,y,0,0,0,0,0,0,0,0,0,0,0,0,Galaxy 4,0,,
3,86,1,25,1965-10-09,0,0,0,0,0,0,0,0,0,0,0,0,0,Mission to the Unknown,Mission to the Unknown,,
3,87,1,25,1965-10-16,y,0,0,0,0,0,0,0,0,0,0,0,0,The Myth Makers,The Myth Makers,,
3,88,2,25,1965-10-23,y,0,0,0,0,0,0,0,0,0,0,0,0,The Myth Makers,0,,
3,89,3,25,1965-10-30,y,0,0,0,0,0,0,0,0,0,0,0,0,The Myth Makers,0,,
3,90,4,25,1965-11-06,y,0,0,0,0,0,0,0,0,0,0,0,0,The Myth Makers,0,,
3,91,1,25,1965-11-13,y,0,0,0,0,0,0,0,0,0,0,0,0,'The Daleks'' Master Plan','The Daleks'' Master Plan',,
3,92,2,25,1965-11-20,y,0,0,0,0,0,0,0,0,0,0,0,0,'The Daleks'' Master Plan',0,,
3,93,3,25,1965-11-27,y,0,0,0,0,0,0,0,0,0,0,0,0,'The Daleks'' Master Plan',0,,
3,94,4,25,1965-12-04,y,0,0,0,0,0,0,0,0,0,0,0,0,'The Daleks'' Master Plan',0,,
3,95,5,25,1965-12-11,y,0,0,0,0,0,0,0,0,0,0,0,0,'The Daleks'' Master Plan',0,,
3,96,6,25,1965-12-18,y,0,0,0,0,0,0,0,0,0,0,0,0,'The Daleks'' Master Plan',0,,
3,97,7,25,1965-12-25,y,0,0,0,0,0,0,0,0,0,0,0,0,'The Daleks'' Master Plan',0,,
3,98,8,25,1966-01-01,y,0,0,0,0,0,0,0,0,0,0,0,0,'The Daleks'' Master Plan',0,,
3,99,9,25,1966-01-08,y,0,0,0,0,0,0,0,0,0,0,0,0,'The Daleks'' Master Plan',0,,
3,100,10,25,1966-01-15,y,0,0,0,0,0,0,0,0,0,0,0,0,'The Daleks'' Master Plan',0,,
3,101,11,25,1966-01-22,y,0,0,0,0,0,0,0,0,0,0,0,0,'The Daleks'' Master Plan',0,,
3,102,12,25,1966-01-29,y,0,0,0,0,0,0,0,0,0,0,0,0,'The Daleks'' Master Plan',0,,
3,103,1,25,1966-02-05,y,0,0,0,0,0,0,0,0,0,0,0,0,'The Massacre Of St Bartholomew''s Eve','The Massacre Of St Bartholomew''s Eve',,
3,104,2,25,1966-02-12,y,0,0,0,0,0,0,0,0,0,0,0,0,'The Massacre Of St Bartholomew''s Eve',0,,
3,105,3,25,1966-02-19,y,0,0,0,0,0,0,0,0,0,0,0,0,'The Massacre Of St Bartholomew''s Eve',0,,
3,106,4,25,1966-02-26,y,0,0,0,0,0,0,0,0,0,0,0,0,'The Massacre Of St Bartholomew''s Eve',0,,
3,107,1,25,1966-03-05,y,0,0,0,0,0,0,0,0,0,0,0,0,The Ark,The Ark,,
3,108,2,25,1966-03-12,y,0,0,0,0,0,0,0,0,0,0,0,0,The Ark,0,,
3,109,3,25,1966-03-19,y,0,0,0,0,0,0,0,0,0,0,0,0,The Ark,0,,
3,110,4,25,1966-03-26,y,0,0,0,0,0,0,0,0,0,0,0,0,The Ark,0,,
3,111,1,25,1966-04-02,y,0,0,0,0,0,0,0,0,0,0,0,0,The Celestial Toymaker,The Celestial Toymaker,,
3,112,2,25,1966-04-09,y,0,0,0,0,0,0,0,0,0,0,0,0,The Celestial Toymaker,0,,
3,113,3,25,1966-04-16,y,0,0,0,0,0,0,0,0,0,0,0,0,The Celestial Toymaker,0,,
3,114,4,25,1966-04-23,y,0,0,0,0,0,0,0,0,0,0,0,0,The Celestial Toymaker,0,,
3,115,1,25,1966-04-30,y,0,0,0,0,0,0,0,0,0,0,0,0,The Gunfighters,The Gunfighters,,
3,116,2,25,1966-05-07,y,0,0,0,0,0,0,0,0,0,0,0,0,The Gunfighters,0,,
3,117,3,25,1966-05-14,y,0,0,0,0,0,0,0,0,0,0,0,0,The Gunfighters,0,,
3,118,4,25,1966-05-21,y,0,0,0,0,0,0,0,0,0,0,0,0,The Gunfighters,0,,
3,119,1,25,1966-05-28,y,0,0,0,0,0,0,0,0,0,0,0,0,The Savages,The Savages,,
3,120,2,25,1966-06-04,y,0,0,0,0,0,0,0,0,0,0,0,0,The Savages,0,,
3,121,3,25,1966-06-11,y,0,0,0,0,0,0,0,0,0,0,0,0,The Savages,0,,
3,122,4,25,1966-06-18,y,0,0,0,0,0,0,0,0,0,0,0,0,The Savages,0,,
3,123,1,25,1966-06-25,y,0,0,0,0,0,0,0,0,0,0,0,0,The War Machines ,The War Machines ,,
3,124,2,25,1966-07-02,y,0,0,0,0,0,0,0,0,0,0,0,0,The War Machines ,0,,
3,125,3,25,1966-07-09,y,0,0,0,0,0,0,0,0,0,0,0,0,The War Machines ,0,,
3,126,4,25,1966-07-16,y,0,0,0,0,0,0,0,0,0,0,0,0,The War Machines ,0,,
4,127,1,25,1966-09-10,y,0,0,0,0,0,0,0,0,0,0,0,0,The Smugglers,The Smugglers,,
4,128,2,25,1966-09-17,y,0,0,0,0,0,0,0,0,0,0,0,0,The Smugglers,0,,
4,129,3,25,1966-09-24,y,0,0,0,0,0,0,0,0,0,0,0,0,The Smugglers,0,,
4,130,4,25,1966-10-01,y,0,0,0,0,0,0,0,0,0,0,0,0,The Smugglers,0,,
4,131,1,25,1966-10-08,y,0,0,0,0,0,0,0,0,0,0,0,0,The Tenth Planet,The Tenth Planet,,
4,132,2,25,1966-10-15,y,0,0,0,0,0,0,0,0,0,0,0,0,The Tenth Planet,0,,
4,133,3,25,1966-10-22,y,0,0,0,0,0,0,0,0,0,0,0,0,The Tenth Planet,0,,
4,134,4,25,1966-10-29,y,y,0,0,0,0,0,0,0,0,0,0,0,The Tenth Planet,0,,
4,135,1,25,1966-11-05,0,y,0,0,0,0,0,0,0,0,0,0,0,The Power of the Daleks,The Power of the Daleks,,
4,136,2,25,1966-11-12,0,y,0,0,0,0,0,0,0,0,0,0,0,The Power of the Daleks,0,,
4,137,3,25,1966-11-19,0,y,0,0,0,0,0,0,0,0,0,0,0,The Power of the Daleks,0,,
4,138,4,25,1966-11-26,0,y,0,0,0,0,0,0,0,0,0,0,0,The Power of the Daleks,0,,
4,139,5,25,1966-12-03,0,y,0,0,0,0,0,0,0,0,0,0,0,The Power of the Daleks,0,,
4,140,6,25,1966-12-10,0,y,0,0,0,0,0,0,0,0,0,0,0,The Power of the Daleks,0,,
4,141,1,25,1966-12-17,0,y,0,0,0,0,0,0,0,0,0,0,0,The Highlanders,The Highlanders,,
4,142,2,25,1966-12-24,0,y,0,0,0,0,0,0,0,0,0,0,0,The Highlanders,0,,
4,143,3,25,1966-12-31,0,y,0,0,0,0,0,0,0,0,0,0,0,The Highlanders,0,,
4,144,4,25,1967-01-07,0,y,0,0,0,0,0,0,0,0,0,0,0,The Highlanders,0,,
4,145,1,25,1967-01-14,0,y,0,0,0,0,0,0,0,0,0,0,0,The Underwater Menace,The Underwater Menace,,
4,146,2,25,1967-01-21,0,y,0,0,0,0,0,0,0,0,0,0,0,The Underwater Menace,0,,
4,147,3,25,1967-01-28,0,y,0,0,0,0,0,0,0,0,0,0,0,The Underwater Menace,0,,
4,148,4,25,1967-02-04,0,y,0,0,0,0,0,0,0,0,0,0,0,The Underwater Menace,0,,
4,149,1,25,1967-02-11,0,y,0,0,0,0,0,0,0,0,0,0,0,The Moonbase,The Moonbase,,
4,150,2,25,1967-02-18,0,y,0,0,0,0,0,0,0,0,0,0,0,The Moonbase,0,,
4,151,3,25,1967-02-25,0,y,0,0,0,0,0,0,0,0,0,0,0,The Moonbase,0,,
4,152,4,25,1967-03-04,0,y,0,0,0,0,0,0,0,0,0,0,0,The Moonbase,0,,
4,153,1,25,1967-03-11,0,y,0,0,0,0,0,0,0,0,0,0,0,The Macra Terror,The Macra Terror,,
4,154,2,25,1967-03-18,0,y,0,0,0,0,0,0,0,0,0,0,0,The Macra Terror,0,,
4,155,3,25,1967-03-25,0,y,0,0,0,0,0,0,0,0,0,0,0,The Macra Terror,0,,
4,156,4,25,1967-04-01,0,y,0,0,0,0,0,0,0,0,0,0,0,The Macra Terror,0,,
4,157,1,25,1967-04-08,0,y,0,0,0,0,0,0,0,0,0,0,0,The Faceless Ones,The Faceless Ones,,
4,158,2,25,1967-04-15,0,y,0,0,0,0,0,0,0,0,0,0,0,The Faceless Ones,0,,
4,159,3,25,1967-04-22,0,y,0,0,0,0,0,0,0,0,0,0,0,The Faceless Ones,0,,
4,160,4,25,1967-04-29,0,y,0,0,0,0,0,0,0,0,0,0,0,The Faceless Ones,0,,
4,161,5,25,1967-05-06,0,y,0,0,0,0,0,0,0,0,0,0,0,The Faceless Ones,0,,
4,162,6,25,1967-05-13,0,y,0,0,0,0,0,0,0,0,0,0,0,The Faceless Ones,0,,
4,163,1,25,1967-05-20,0,y,0,0,0,0,0,0,0,0,0,0,0,The Evil Of The Daleks,The Evil Of The Daleks,,
4,164,2,25,1967-05-27,0,y,0,0,0,0,0,0,0,0,0,0,0,The Evil Of The Daleks,0,,
4,165,3,25,1967-06-03,0,y,0,0,0,0,0,0,0,0,0,0,0,The Evil Of The Daleks,0,,
4,166,4,25,1967-06-10,0,y,0,0,0,0,0,0,0,0,0,0,0,The Evil Of The Daleks,0,,
4,167,5,25,1967-06-17,0,y,0,0,0,0,0,0,0,0,0,0,0,The Evil Of The Daleks,0,,
4,168,6,25,1967-06-24,0,y,0,0,0,0,0,0,0,0,0,0,0,The Evil Of The Daleks,0,,
4,169,7,25,1967-07-01,0,y,0,0,0,0,0,0,0,0,0,0,0,The Evil Of The Daleks,0,,
5,170,1,25,1967-09-02,0,y,0,0,0,0,0,0,0,0,0,0,0,The Tomb of the Cybermen,The Tomb of the Cybermen,,
5,171,2,25,1967-09-09,0,y,0,0,0,0,0,0,0,0,0,0,0,The Tomb of the Cybermen,0,,
5,172,3,25,1967-09-16,0,y,0,0,0,0,0,0,0,0,0,0,0,The Tomb of the Cybermen,0,,
5,173,4,25,1967-09-23,0,y,0,0,0,0,0,0,0,0,0,0,0,The Tomb of the Cybermen,0,,
5,174,1,25,1967-09-30,0,y,0,0,0,0,0,0,0,0,0,0,0,The Abominable Snowmen,The Abominable Snowmen,,
5,175,2,25,1967-10-07,0,y,0,0,0,0,0,0,0,0,0,0,0,The Abominable Snowmen,0,,
5,176,3,25,1967-10-14,0,y,0,0,0,0,0,0,0,0,0,0,0,The Abominable Snowmen,0,,
5,177,4,25,1967-10-21,0,y,0,0,0,0,0,0,0,0,0,0,0,The Abominable Snowmen,0,,
5,178,5,25,1967-10-28,0,y,0,0,0,0,0,0,0,0,0,0,0,The Abominable Snowmen,0,,
5,179,6,25,1967-11-04,0,y,0,0,0,0,0,0,0,0,0,0,0,The Abominable Snowmen,0,,
5,180,1,25,1967-11-11,0,y,0,0,0,0,0,0,0,0,0,0,0,The Ice Warriors,The Ice Warriors,,
5,181,2,25,1967-11-18,0,y,0,0,0,0,0,0,0,0,0,0,0,The Ice Warriors,0,,
5,182,3,25,1967-11-25,0,y,0,0,0,0,0,0,0,0,0,0,0,The Ice Warriors,0,,
5,183,4,25,1967-12-02,0,y,0,0,0,0,0,0,0,0,0,0,0,The Ice Warriors,0,,
5,184,5,25,1967-12-09,0,y,0,0,0,0,0,0,0,0,0,0,0,The Ice Warriors,0,,
5,185,6,25,1967-12-16,0,y,0,0,0,0,0,0,0,0,0,0,0,The Ice Warriors,0,,
5,186,1,25,1967-12-23,0,y,0,0,0,0,0,0,0,0,0,0,0,The Enemy of the World,The Enemy of the World,,
5,187,2,25,1967-12-30,0,y,0,0,0,0,0,0,0,0,0,0,0,The Enemy of the World,0,,
5,188,3,25,1968-01-06,0,y,0,0,0,0,0,0,0,0,0,0,0,The Enemy of the World,0,,
5,189,4,25,1968-01-13,0,y,0,0,0,0,0,0,0,0,0,0,0,The Enemy of the World,0,,
5,190,5,25,1968-01-20,0,y,0,0,0,0,0,0,0,0,0,0,0,The Enemy of the World,0,,
5,191,6,25,1968-01-27,0,y,0,0,0,0,0,0,0,0,0,0,0,The Enemy of the World,0,,
5,192,1,25,1968-02-03,0,y,0,0,0,0,0,0,0,0,0,0,0,The Web Of Fear,The Web Of Fear,,
5,193,2,25,1968-02-10,0,y,0,0,0,0,0,0,0,0,0,0,0,The Web Of Fear,0,,
5,194,3,25,1968-02-17,0,y,0,0,0,0,0,0,0,0,0,0,0,The Web Of Fear,0,,
5,195,4,25,1968-02-24,0,y,0,0,0,0,0,0,0,0,0,0,0,The Web Of Fear,0,,
5,196,5,25,1968-03-02,0,y,0,0,0,0,0,0,0,0,0,0,0,The Web Of Fear,0,,
5,197,6,25,1968-03-09,0,y,0,0,0,0,0,0,0,0,0,0,0,The Web Of Fear,0,,
5,198,1,25,1968-03-16,0,y,0,0,0,0,0,0,0,0,0,0,0,Fury From The Deep,Fury From The Deep,,
5,199,2,25,1968-03-23,0,y,0,0,0,0,0,0,0,0,0,0,0,Fury From The Deep,0,,
5,200,3,25,1968-03-30,0,y,0,0,0,0,0,0,0,0,0,0,0,Fury From The Deep,0,,
5,201,4,25,1968-04-06,0,y,0,0,0,0,0,0,0,0,0,0,0,Fury From The Deep,0,,
5,202,5,25,1968-04-13,0,y,0,0,0,0,0,0,0,0,0,0,0,Fury From The Deep,0,,
5,203,6,25,1968-04-20,0,y,0,0,0,0,0,0,0,0,0,0,0,Fury From The Deep,0,,
5,204,1,25,1968-04-27,0,y,0,0,0,0,0,0,0,0,0,0,0,The Wheel In Space,The Wheel In Space,,
5,205,2,25,1968-05-04,0,y,0,0,0,0,0,0,0,0,0,0,0,The Wheel In Space,0,,
5,206,3,25,1968-05-11,0,y,0,0,0,0,0,0,0,0,0,0,0,The Wheel In Space,0,,
5,207,4,25,1968-05-18,0,y,0,0,0,0,0,0,0,0,0,0,0,The Wheel In Space,0,,
5,208,5,25,1968-05-25,0,y,0,0,0,0,0,0,0,0,0,0,0,The Wheel In Space,0,,
5,209,6,25,1968-06-01,0,y,0,0,0,0,0,0,0,0,0,0,0,The Wheel In Space,0,,
6,210,1,25,1968-08-10,0,y,0,0,0,0,0,0,0,0,0,0,0,The Dominators,The Dominators,,
6,211,2,25,1968-08-17,0,y,0,0,0,0,0,0,0,0,0,0,0,The Dominators,0,,
6,212,3,25,1968-08-24,0,y,0,0,0,0,0,0,0,0,0,0,0,The Dominators,0,,
6,213,4,25,1968-08-31,0,y,0,0,0,0,0,0,0,0,0,0,0,The Dominators,0,,
6,214,5,25,1968-09-07,0,y,0,0,0,0,0,0,0,0,0,0,0,The Dominators,0,,
6,215,1,20,1968-09-14,0,y,0,0,0,0,0,0,0,0,0,0,0,The Mind Robber,The Mind Robber,,
6,216,2,20,1968-09-21,0,y,0,0,0,0,0,0,0,0,0,0,0,The Mind Robber,0,,
6,217,3,20,1968-09-28,0,y,0,0,0,0,0,0,0,0,0,0,0,The Mind Robber,0,,
6,218,4,20,1968-10-05,0,y,0,0,0,0,0,0,0,0,0,0,0,The Mind Robber,0,,
6,219,5,20,1968-10-12,0,y,0,0,0,0,0,0,0,0,0,0,0,The Mind Robber,0,,
6,220,1,25,1968-11-02,0,y,0,0,0,0,0,0,0,0,0,0,0,The Invasion,The Invasion,,
6,221,2,25,1968-11-09,0,y,0,0,0,0,0,0,0,0,0,0,0,The Invasion,0,,
6,222,3,25,1968-11-16,0,y,0,0,0,0,0,0,0,0,0,0,0,The Invasion,0,,
6,223,4,25,1968-11-23,0,y,0,0,0,0,0,0,0,0,0,0,0,The Invasion,0,,
6,224,5,25,1968-11-30,0,y,0,0,0,0,0,0,0,0,0,0,0,The Invasion,0,,
6,225,6,25,1968-12-07,0,y,0,0,0,0,0,0,0,0,0,0,0,The Invasion,0,,
6,226,7,25,1968-12-14,0,y,0,0,0,0,0,0,0,0,0,0,0,The Invasion,0,,
6,227,8,25,1968-12-21,0,y,0,0,0,0,0,0,0,0,0,0,0,The Invasion,0,,
6,228,1,25,1968-12-28,0,y,0,0,0,0,0,0,0,0,0,0,0,The Krotons,The Krotons,,
6,229,2,25,1969-01-04,0,y,0,0,0,0,0,0,0,0,0,0,0,The Krotons,0,,
6,230,3,25,1969-01-11,0,y,0,0,0,0,0,0,0,0,0,0,0,The Krotons,0,,
6,231,4,25,1969-01-18,0,y,0,0,0,0,0,0,0,0,0,0,0,The Krotons,0,,
6,232,1,25,1969-01-25,0,y,0,0,0,0,0,0,0,0,0,0,0,The Seeds Of Death,The Seeds Of Death,,
6,233,2,25,1969-02-01,0,y,0,0,0,0,0,0,0,0,0,0,0,The Seeds Of Death,0,,
6,234,3,25,1969-02-08,0,y,0,0,0,0,0,0,0,0,0,0,0,The Seeds Of Death,0,,
6,235,4,25,1969-02-15,0,y,0,0,0,0,0,0,0,0,0,0,0,The Seeds Of Death,0,,
6,236,5,25,1969-02-22,0,y,0,0,0,0,0,0,0,0,0,0,0,The Seeds Of Death,0,,
6,237,6,25,1969-03-01,0,y,0,0,0,0,0,0,0,0,0,0,0,The Seeds Of Death,0,,
6,238,1,25,1969-03-08,0,y,0,0,0,0,0,0,0,0,0,0,0,The Space Pirates,The Space Pirates,,
6,239,2,25,1969-03-15,0,y,0,0,0,0,0,0,0,0,0,0,0,The Space Pirates,0,,
6,240,3,25,1969-03-22,0,y,0,0,0,0,0,0,0,0,0,0,0,The Space Pirates,0,,
6,241,4,25,1969-03-29,0,y,0,0,0,0,0,0,0,0,0,0,0,The Space Pirates,0,,
6,242,5,25,1969-04-05,0,y,0,0,0,0,0,0,0,0,0,0,0,The Space Pirates,0,,
6,243,6,25,1969-04-12,0,y,0,0,0,0,0,0,0,0,0,0,0,The Space Pirates,0,,
6,244,1,25,1969-04-19,0,y,0,0,0,0,0,0,0,0,0,0,0,The War Games,The War Games,,
6,245,2,25,1969-04-26,0,y,0,0,0,0,0,0,0,0,0,0,0,The War Games,0,,
6,246,3,25,1969-05-03,0,y,0,0,0,0,0,0,0,0,0,0,0,The War Games,0,,
6,247,4,25,1969-05-10,0,y,0,0,0,0,0,0,0,0,0,0,0,The War Games,0,,
6,248,5,25,1969-05-17,0,y,0,0,0,0,0,0,0,0,0,0,0,The War Games,0,,
6,249,6,25,1969-05-24,0,y,0,0,0,0,0,0,0,0,0,0,0,The War Games,0,,
6,250,7,25,1969-05-31,0,y,0,0,0,0,0,0,0,0,0,0,0,The War Games,0,,
6,251,8,25,1969-06-07,0,y,0,0,0,0,0,0,0,0,0,0,0,The War Games,0,,
6,252,9,25,1969-06-14,0,y,0,0,0,0,0,0,0,0,0,0,0,The War Games,0,,
6,253,10,25,1969-06-21,0,y,0,0,0,0,0,0,0,0,0,0,0,The War Games,0,,
7,254,1,25,1970-01-03,0,0,y,0,0,0,0,0,0,0,0,0,0,Spearhead from Space,Spearhead from Space,,
7,255,2,25,1970-01-10,0,0,y,0,0,0,0,0,0,0,0,0,0,Spearhead from Space,0,,
7,256,3,25,1970-01-17,0,0,y,0,0,0,0,0,0,0,0,0,0,Spearhead from Space,0,,
7,257,4,25,1970-01-24,0,0,y,0,0,0,0,0,0,0,0,0,0,Spearhead from Space,0,,
7,258,1,25,1970-01-31,0,0,y,0,0,0,0,0,0,0,0,0,0,The Silurians,The Silurians,,
7,259,2,25,1970-02-07,0,0,y,0,0,0,0,0,0,0,0,0,0,The Silurians,0,,
7,260,3,25,1970-02-14,0,0,y,0,0,0,0,0,0,0,0,0,0,The Silurians,0,,
7,261,4,25,1970-02-21,0,0,y,0,0,0,0,0,0,0,0,0,0,The Silurians,0,,
7,262,5,25,1970-02-28,0,0,y,0,0,0,0,0,0,0,0,0,0,The Silurians,0,,
7,263,6,25,1970-03-07,0,0,y,0,0,0,0,0,0,0,0,0,0,The Silurians,0,,
7,264,7,25,1970-03-14,0,0,y,0,0,0,0,0,0,0,0,0,0,The Silurians,0,,
7,265,1,25,1970-03-21,0,0,y,0,0,0,0,0,0,0,0,0,0,The Ambassadors of Death,The Ambassadors of Death,,
7,266,2,25,1970-03-28,0,0,y,0,0,0,0,0,0,0,0,0,0,The Ambassadors of Death,0,,
7,267,3,25,1970-04-04,0,0,y,0,0,0,0,0,0,0,0,0,0,The Ambassadors of Death,0,,
7,268,4,25,1970-04-11,0,0,y,0,0,0,0,0,0,0,0,0,0,The Ambassadors of Death,0,,
7,269,5,25,1970-04-18,0,0,y,0,0,0,0,0,0,0,0,0,0,The Ambassadors of Death,0,,
7,270,6,25,1970-04-25,0,0,y,0,0,0,0,0,0,0,0,0,0,The Ambassadors of Death,0,,
7,271,7,25,1970-05-02,0,0,y,0,0,0,0,0,0,0,0,0,0,The Ambassadors of Death,0,,
7,272,1,25,1970-05-09,0,0,y,0,0,0,0,0,0,0,0,0,0,Inferno,Inferno,,
7,273,2,25,1970-05-16,0,0,y,0,0,0,0,0,0,0,0,0,0,Inferno,0,,
7,274,3,25,1970-05-23,0,0,y,0,0,0,0,0,0,0,0,0,0,Inferno,0,,
7,275,4,25,1970-05-30,0,0,y,0,0,0,0,0,0,0,0,0,0,Inferno,0,,
7,276,5,25,1970-06-06,0,0,y,0,0,0,0,0,0,0,0,0,0,Inferno,0,,
7,277,6,25,1970-06-13,0,0,y,0,0,0,0,0,0,0,0,0,0,Inferno,0,,
7,278,7,25,1970-06-20,0,0,y,0,0,0,0,0,0,0,0,0,0,Inferno,0,,
8,279,1,25,1971-01-02,0,0,y,0,0,0,0,0,0,0,0,0,0,Terror of the Autons,Terror of the Autons,,
8,280,2,25,1971-01-09,0,0,y,0,0,0,0,0,0,0,0,0,0,Terror of the Autons,0,,
8,281,3,25,1971-01-16,0,0,y,0,0,0,0,0,0,0,0,0,0,Terror of the Autons,0,,
8,282,4,25,1971-01-23,0,0,y,0,0,0,0,0,0,0,0,0,0,Terror of the Autons,0,,
8,283,1,25,1971-01-30,0,0,y,0,0,0,0,0,0,0,0,0,0,The Mind of Evil,The Mind of Evil,,
8,284,2,25,1971-02-06,0,0,y,0,0,0,0,0,0,0,0,0,0,The Mind of Evil,0,,
8,285,3,25,1971-02-13,0,0,y,0,0,0,0,0,0,0,0,0,0,The Mind of Evil,0,,
8,286,4,25,1971-02-20,0,0,y,0,0,0,0,0,0,0,0,0,0,The Mind of Evil,0,,
8,287,5,25,1971-02-27,0,0,y,0,0,0,0,0,0,0,0,0,0,The Mind of Evil,0,,
8,288,6,25,1971-03-06,0,0,y,0,0,0,0,0,0,0,0,0,0,The Mind of Evil,0,,
8,289,1,25,1971-03-13,0,0,y,0,0,0,0,0,0,0,0,0,0,The Claws of Axos,The Claws of Axos,,
8,290,2,25,1971-03-20,0,0,y,0,0,0,0,0,0,0,0,0,0,The Claws of Axos,0,,
8,291,3,25,1971-03-27,0,0,y,0,0,0,0,0,0,0,0,0,0,The Claws of Axos,0,,
8,292,4,25,1971-04-03,0,0,y,0,0,0,0,0,0,0,0,0,0,The Claws of Axos,0,,
8,293,1,25,1971-04-10,0,0,y,0,0,0,0,0,0,0,0,0,0,Colony in Space,Colony in Space,,
8,294,2,25,1971-04-17,0,0,y,0,0,0,0,0,0,0,0,0,0,Colony in Space,0,,
8,295,3,25,1971-04-24,0,0,y,0,0,0,0,0,0,0,0,0,0,Colony in Space,0,,
8,296,4,25,1971-05-01,0,0,y,0,0,0,0,0,0,0,0,0,0,Colony in Space,0,,
8,297,5,25,1971-05-08,0,0,y,0,0,0,0,0,0,0,0,0,0,Colony in Space,0,,
8,298,6,25,1971-05-15,0,0,y,0,0,0,0,0,0,0,0,0,0,Colony in Space,0,,
8,299,1,25,1971-05-22,0,0,y,0,0,0,0,0,0,0,0,0,0,The Dæmons,The Dæmons,,
8,300,2,25,1971-05-29,0,0,y,0,0,0,0,0,0,0,0,0,0,The Dæmons,0,,
8,301,3,25,1971-06-05,0,0,y,0,0,0,0,0,0,0,0,0,0,The Dæmons,0,,
8,302,4,25,1971-06-12,0,0,y,0,0,0,0,0,0,0,0,0,0,The Dæmons,0,,
8,303,5,25,1971-06-19,0,0,y,0,0,0,0,0,0,0,0,0,0,The Dæmons,0,,
9,304,1,25,1972-01-01,0,0,y,0,0,0,0,0,0,0,0,0,0,Day of the Daleks,Day of the Daleks,,
9,305,2,25,1972-01-08,0,0,y,0,0,0,0,0,0,0,0,0,0,Day of the Daleks,0,,
9,306,3,25,1972-01-15,0,0,y,0,0,0,0,0,0,0,0,0,0,Day of the Daleks,0,,
9,307,4,25,1972-01-22,0,0,y,0,0,0,0,0,0,0,0,0,0,Day of the Daleks,0,,
9,308,1,25,1972-01-29,0,0,y,0,0,0,0,0,0,0,0,0,0,The Curse of Peladon,The Curse of Peladon,,
9,309,2,25,1972-02-05,0,0,y,0,0,0,0,0,0,0,0,0,0,The Curse of Peladon,0,,
9,310,3,25,1972-02-12,0,0,y,0,0,0,0,0,0,0,0,0,0,The Curse of Peladon,0,,
9,311,4,25,1972-02-19,0,0,y,0,0,0,0,0,0,0,0,0,0,The Curse of Peladon,0,,
9,312,1,25,1972-02-26,0,0,y,0,0,0,0,0,0,0,0,0,0,The Sea Devils,The Sea Devils,,
9,313,2,25,1972-03-04,0,0,y,0,0,0,0,0,0,0,0,0,0,The Sea Devils,0,,
9,314,3,25,1972-03-11,0,0,y,0,0,0,0,0,0,0,0,0,0,The Sea Devils,0,,
9,315,4,25,1972-03-18,0,0,y,0,0,0,0,0,0,0,0,0,0,The Sea Devils,0,,
9,316,5,25,1972-03-25,0,0,y,0,0,0,0,0,0,0,0,0,0,The Sea Devils,0,,
9,317,6,25,1972-04-01,0,0,y,0,0,0,0,0,0,0,0,0,0,The Sea Devils,0,,
9,318,1,25,1972-04-08,0,0,y,0,0,0,0,0,0,0,0,0,0,The Mutants,The Mutants,,
9,319,2,25,1972-04-15,0,0,y,0,0,0,0,0,0,0,0,0,0,The Mutants,0,,
9,320,3,25,1972-04-22,0,0,y,0,0,0,0,0,0,0,0,0,0,The Mutants,0,,
9,321,4,25,1972-04-29,0,0,y,0,0,0,0,0,0,0,0,0,0,The Mutants,0,,
9,322,5,25,1972-05-06,0,0,y,0,0,0,0,0,0,0,0,0,0,The Mutants,0,,
9,323,6,25,1972-05-13,0,0,y,0,0,0,0,0,0,0,0,0,0,The Mutants,0,,
9,324,1,25,1972-05-20,0,0,y,0,0,0,0,0,0,0,0,0,0,The Time Monster,The Time Monster,,
9,325,2,25,1972-05-27,0,0,y,0,0,0,0,0,0,0,0,0,0,The Time Monster,0,,
9,326,3,25,1972-06-03,0,0,y,0,0,0,0,0,0,0,0,0,0,The Time Monster,0,,
9,327,4,25,1972-06-10,0,0,y,0,0,0,0,0,0,0,0,0,0,The Time Monster,0,,
9,328,5,25,1972-06-17,0,0,y,0,0,0,0,0,0,0,0,0,0,The Time Monster,0,,
9,329,6,25,1972-06-24,0,0,y,0,0,0,0,0,0,0,0,0,0,The Time Monster,0,,
10,330,1,25,1972-12-30,y,y,y,0,0,0,0,0,0,0,0,0,0,The Three Doctors,The Three Doctors,,
10,331,2,25,1973-01-06,y,y,y,0,0,0,0,0,0,0,0,0,0,The Three Doctors,0,,
10,332,3,25,1973-01-13,y,y,y,0,0,0,0,0,0,0,0,0,0,The Three Doctors,0,,
10,333,4,25,1973-01-20,y,y,y,0,0,0,0,0,0,0,0,0,0,The Three Doctors,0,,
10,334,1,25,1973-01-27,0,0,y,0,0,0,0,0,0,0,0,0,0,Carnival of Monsters,Carnival of Monsters,,
10,335,2,25,1973-02-03,0,0,y,0,0,0,0,0,0,0,0,0,0,Carnival of Monsters,0,,
10,336,3,25,1973-02-10,0,0,y,0,0,0,0,0,0,0,0,0,0,Carnival of Monsters,0,,
10,337,4,25,1973-02-17,0,0,y,0,0,0,0,0,0,0,0,0,0,Carnival of Monsters,0,,
10,338,1,25,1973-02-24,0,0,y,0,0,0,0,0,0,0,0,0,0,Frontier in Space,Frontier in Space,,
10,339,2,25,1973-03-03,0,0,y,0,0,0,0,0,0,0,0,0,0,Frontier in Space,0,,
10,340,3,25,1973-03-10,0,0,y,0,0,0,0,0,0,0,0,0,0,Frontier in Space,0,,
10,341,4,25,1973-03-17,0,0,y,0,0,0,0,0,0,0,0,0,0,Frontier in Space,0,,
10,342,5,25,1973-03-24,0,0,y,0,0,0,0,0,0,0,0,0,0,Frontier in Space,0,,
10,343,6,25,1973-03-31,0,0,y,0,0,0,0,0,0,0,0,0,0,Frontier in Space,0,,
10,344,1,25,1973-04-07,0,0,y,0,0,0,0,0,0,0,0,0,0,Planet of the Daleks,Planet of the Daleks,,
10,345,2,25,1973-04-14,0,0,y,0,0,0,0,0,0,0,0,0,0,Planet of the Daleks,0,,
10,346,3,25,1973-04-21,0,0,y,0,0,0,0,0,0,0,0,0,0,Planet of the Daleks,0,,
10,347,4,25,1973-04-28,0,0,y,0,0,0,0,0,0,0,0,0,0,Planet of the Daleks,0,,
10,348,5,25,1973-05-05,0,0,y,0,0,0,0,0,0,0,0,0,0,Planet of the Daleks,0,,
10,349,6,25,1973-05-12,0,0,y,0,0,0,0,0,0,0,0,0,0,Planet of the Daleks,0,,
10,350,1,25,1973-05-19,0,0,y,0,0,0,0,0,0,0,0,0,0,The Green Death,The Green Death,,
10,351,2,25,1973-05-26,0,0,y,0,0,0,0,0,0,0,0,0,0,The Green Death,0,,
10,352,3,25,1973-06-02,0,0,y,0,0,0,0,0,0,0,0,0,0,The Green Death,0,,
10,353,4,25,1973-06-09,0,0,y,0,0,0,0,0,0,0,0,0,0,The Green Death,0,,
10,354,5,25,1973-06-16,0,0,y,0,0,0,0,0,0,0,0,0,0,The Green Death,0,,
10,355,6,25,1973-06-23,0,0,y,0,0,0,0,0,0,0,0,0,0,The Green Death,0,,
11,356,1,25,1973-12-15,0,0,y,0,0,0,0,0,0,0,0,0,0,The Time Warrior,The Time Warrior,,
11,357,2,25,1973-12-22,0,0,y,0,0,0,0,0,0,0,0,0,0,The Time Warrior,0,,
11,358,3,25,1973-12-29,0,0,y,0,0,0,0,0,0,0,0,0,0,The Time Warrior,0,,
11,359,4,25,1974-01-05,0,0,y,0,0,0,0,0,0,0,0,0,0,The Time Warrior,0,,
11,360,1,25,1974-01-12,0,0,y,0,0,0,0,0,0,0,0,0,0,Invasion of The Dinosaurs,Invasion of The Dinosaurs,,
11,361,2,25,1974-01-19,0,0,y,0,0,0,0,0,0,0,0,0,0,Invasion of The Dinosaurs,0,,
11,362,3,25,1974-01-26,0,0,y,0,0,0,0,0,0,0,0,0,0,Invasion of The Dinosaurs,0,,
11,363,4,25,1974-02-02,0,0,y,0,0,0,0,0,0,0,0,0,0,Invasion of The Dinosaurs,0,,
11,364,5,25,1974-02-09,0,0,y,0,0,0,0,0,0,0,0,0,0,Invasion of The Dinosaurs,0,,
11,365,6,25,1974-02-16,0,0,y,0,0,0,0,0,0,0,0,0,0,Invasion of The Dinosaurs,0,,
11,366,1,25,1974-02-23,0,0,y,0,0,0,0,0,0,0,0,0,0,Death to the Daleks,Death to the Daleks,,
11,367,2,25,1974-03-02,0,0,y,0,0,0,0,0,0,0,0,0,0,Death to the Daleks,0,,
11,368,3,25,1974-03-09,0,0,y,0,0,0,0,0,0,0,0,0,0,Death to the Daleks,0,,
11,369,4,25,1974-03-16,0,0,y,0,0,0,0,0,0,0,0,0,0,Death to the Daleks,0,,
11,370,1,25,1974-03-23,0,0,y,0,0,0,0,0,0,0,0,0,0,The Monster of Peladon,The Monster of Peladon,,
11,371,2,25,1974-03-30,0,0,y,0,0,0,0,0,0,0,0,0,0,The Monster of Peladon,0,,
11,372,3,25,1974-04-06,0,0,y,0,0,0,0,0,0,0,0,0,0,The Monster of Peladon,0,,
11,373,4,25,1974-04-13,0,0,y,0,0,0,0,0,0,0,0,0,0,The Monster of Peladon,0,,
11,374,5,25,1974-04-20,0,0,y,0,0,0,0,0,0,0,0,0,0,The Monster of Peladon,0,,
11,375,6,25,1974-04-27,0,0,y,0,0,0,0,0,0,0,0,0,0,The Monster of Peladon,0,,
11,376,1,25,1974-05-04,0,0,y,0,0,0,0,0,0,0,0,0,0,Planet of the Spiders,Planet of the Spiders,,
11,377,2,25,1974-05-11,0,0,y,0,0,0,0,0,0,0,0,0,0,Planet of the Spiders,0,,
11,378,3,25,1974-05-18,0,0,y,0,0,0,0,0,0,0,0,0,0,Planet of the Spiders,0,,
11,379,4,25,1974-05-25,0,0,y,0,0,0,0,0,0,0,0,0,0,Planet of the Spiders,0,,
11,380,5,25,1974-06-01,0,0,y,0,0,0,0,0,0,0,0,0,0,Planet of the Spiders,0,,
11,381,6,25,1974-06-08,0,0,y,y,0,0,0,0,0,0,0,0,0,Planet of the Spiders,0,,
12,382,1,25,1974-12-28,0,0,0,y,0,0,0,0,0,0,0,0,0,Robot,Robot,,
12,383,2,25,1975-01-04,0,0,0,y,0,0,0,0,0,0,0,0,0,Robot,0,,
12,384,3,25,1975-01-11,0,0,0,y,0,0,0,0,0,0,0,0,0,Robot,0,,
12,385,4,25,1975-01-18,0,0,0,y,0,0,0,0,0,0,0,0,0,Robot,0,,
12,386,1,25,1975-01-25,0,0,0,y,0,0,0,0,0,0,0,0,0,The Ark in Space,The Ark in Space,,
12,387,2,25,1975-02-01,0,0,0,y,0,0,0,0,0,0,0,0,0,The Ark in Space,0,,
12,388,3,25,1975-02-08,0,0,0,y,0,0,0,0,0,0,0,0,0,The Ark in Space,0,,
12,389,4,25,1975-02-15,0,0,0,y,0,0,0,0,0,0,0,0,0,The Ark in Space,0,,
12,390,1,25,1975-02-22,0,0,0,y,0,0,0,0,0,0,0,0,0,The Sontaran Experiment,The Sontaran Experiment,,
12,391,2,25,1975-03-01,0,0,0,y,0,0,0,0,0,0,0,0,0,The Sontaran Experiment,0,,
12,392,1,25,1975-03-08,0,0,0,y,0,0,0,0,0,0,0,0,0,Genesis of the Daleks,Genesis of the Daleks,,
12,393,2,25,1975-03-15,0,0,0,y,0,0,0,0,0,0,0,0,0,Genesis of the Daleks,0,,
12,394,3,25,1975-03-22,0,0,0,y,0,0,0,0,0,0,0,0,0,Genesis of the Daleks,0,,
12,395,4,25,1975-03-29,0,0,0,y,0,0,0,0,0,0,0,0,0,Genesis of the Daleks,0,,
12,396,5,25,1975-04-05,0,0,0,y,0,0,0,0,0,0,0,0,0,Genesis of the Daleks,0,,
12,397,6,25,1975-04-12,0,0,0,y,0,0,0,0,0,0,0,0,0,Genesis of the Daleks,0,,
12,398,1,25,1975-04-19,0,0,0,y,0,0,0,0,0,0,0,0,0,Revenge of the Cybermen,Revenge of the Cybermen,,
12,399,2,25,1975-04-26,0,0,0,y,0,0,0,0,0,0,0,0,0,Revenge of the Cybermen,0,,
12,400,3,25,1975-05-03,0,0,0,y,0,0,0,0,0,0,0,0,0,Revenge of the Cybermen,0,,
12,401,4,25,1975-05-10,0,0,0,y,0,0,0,0,0,0,0,0,0,Revenge of the Cybermen,0,,
13,402,1,25,1975-08-30,0,0,0,y,0,0,0,0,0,0,0,0,0,Terror of the Zygons,Terror of the Zygons,,
13,403,2,25,1975-09-06,0,0,0,y,0,0,0,0,0,0,0,0,0,Terror of the Zygons,0,,
13,404,3,25,1975-09-13,0,0,0,y,0,0,0,0,0,0,0,0,0,Terror of the Zygons,0,,
13,405,4,25,1975-09-20,0,0,0,y,0,0,0,0,0,0,0,0,0,Terror of the Zygons,0,,
13,406,1,25,1975-09-27,0,0,0,y,0,0,0,0,0,0,0,0,0,Planet of Evil,Planet of Evil,,
13,407,2,25,1975-10-04,0,0,0,y,0,0,0,0,0,0,0,0,0,Planet of Evil,0,,
13,408,3,25,1975-10-11,0,0,0,y,0,0,0,0,0,0,0,0,0,Planet of Evil,0,,
13,409,4,25,1975-10-18,0,0,0,y,0,0,0,0,0,0,0,0,0,Planet of Evil,0,,
13,410,1,25,1975-10-25,0,0,0,y,0,0,0,0,0,0,0,0,0,Pyramids of Mars,Pyramids of Mars,,
13,411,2,25,1975-11-01,0,0,0,y,0,0,0,0,0,0,0,0,0,Pyramids of Mars,0,,
13,412,3,25,1975-11-08,0,0,0,y,0,0,0,0,0,0,0,0,0,Pyramids of Mars,0,,
13,413,4,25,1975-11-15,0,0,0,y,0,0,0,0,0,0,0,0,0,Pyramids of Mars,0,,
13,414,1,25,1975-11-22,0,0,0,y,0,0,0,0,0,0,0,0,0,The Android Invasion,The Android Invasion,,
13,415,2,25,1975-11-29,0,0,0,y,0,0,0,0,0,0,0,0,0,The Android Invasion,0,,
13,416,3,25,1975-12-06,0,0,0,y,0,0,0,0,0,0,0,0,0,The Android Invasion,0,,
13,417,4,25,1975-12-13,0,0,0,y,0,0,0,0,0,0,0,0,0,The Android Invasion,0,,
13,418,1,25,1975-12-20,0,0,0,y,0,0,0,0,0,0,0,0,0,The Brain of Morbius,The Brain of Morbius,,
13,419,2,25,1975-12-27,0,0,0,y,0,0,0,0,0,0,0,0,0,The Brain of Morbius,0,,
13,420,3,25,1976-01-03,0,0,0,y,0,0,0,0,0,0,0,0,0,The Brain of Morbius,0,,
13,421,4,25,1976-01-10,0,0,0,y,0,0,0,0,0,0,0,0,0,The Brain of Morbius,0,,
13,422,1,25,1976-01-17,0,0,0,y,0,0,0,0,0,0,0,0,0,The Seeds of Doom,The Seeds of Doom,,
13,423,2,25,1976-01-24,0,0,0,y,0,0,0,0,0,0,0,0,0,The Seeds of Doom,0,,
13,424,3,25,1976-01-31,0,0,0,y,0,0,0,0,0,0,0,0,0,The Seeds of Doom,0,,
13,425,4,25,1976-02-07,0,0,0,y,0,0,0,0,0,0,0,0,0,The Seeds of Doom,0,,
13,426,5,25,1976-02-14,0,0,0,y,0,0,0,0,0,0,0,0,0,The Seeds of Doom,0,,
13,427,6,25,1976-02-21,0,0,0,y,0,0,0,0,0,0,0,0,0,The Seeds of Doom,0,,
14,428,1,25,1976-09-04,0,0,0,y,0,0,0,0,0,0,0,0,0,The Masque of Mandragora,The Masque of Mandragora,,
14,429,2,25,1976-09-11,0,0,0,y,0,0,0,0,0,0,0,0,0,The Masque of Mandragora,0,,
14,430,3,25,1976-09-18,0,0,0,y,0,0,0,0,0,0,0,0,0,The Masque of Mandragora,0,,
14,431,4,25,1976-09-25,0,0,0,y,0,0,0,0,0,0,0,0,0,The Masque of Mandragora,0,,
14,432,1,25,1976-10-02,0,0,0,y,0,0,0,0,0,0,0,0,0,The Hand of Fear,The Hand of Fear,,
14,433,2,25,1976-10-09,0,0,0,y,0,0,0,0,0,0,0,0,0,The Hand of Fear,0,,
14,434,3,25,1976-10-16,0,0,0,y,0,0,0,0,0,0,0,0,0,The Hand of Fear,0,,
14,435,4,25,1976-10-23,0,0,0,y,0,0,0,0,0,0,0,0,0,The Hand of Fear,0,,
14,436,1,25,1976-10-30,0,0,0,y,0,0,0,0,0,0,0,0,0,The Deadly Assassin,The Deadly Assassin,,
14,437,2,25,1976-11-06,0,0,0,y,0,0,0,0,0,0,0,0,0,The Deadly Assassin,0,,
14,438,3,25,1976-11-13,0,0,0,y,0,0,0,0,0,0,0,0,0,The Deadly Assassin,0,,
14,439,4,25,1976-11-20,0,0,0,y,0,0,0,0,0,0,0,0,0,The Deadly Assassin,0,,
14,440,1,25,1977-01-01,0,0,0,y,0,0,0,0,0,0,0,0,0,The Face of Evil,The Face of Evil,,
14,441,2,25,1977-01-08,0,0,0,y,0,0,0,0,0,0,0,0,0,The Face of Evil,0,,
14,442,3,25,1977-01-15,0,0,0,y,0,0,0,0,0,0,0,0,0,The Face of Evil,0,,
14,443,4,25,1977-01-22,0,0,0,y,0,0,0,0,0,0,0,0,0,The Face of Evil,0,,
14,444,1,25,1977-01-29,0,0,0,y,0,0,0,0,0,0,0,0,0,The Robots of Death,The Robots of Death,,
14,445,2,25,1977-02-05,0,0,0,y,0,0,0,0,0,0,0,0,0,The Robots of Death,0,,
14,446,3,25,1977-02-12,0,0,0,y,0,0,0,0,0,0,0,0,0,The Robots of Death,0,,
14,447,4,25,1977-02-19,0,0,0,y,0,0,0,0,0,0,0,0,0,The Robots of Death,0,,
14,448,1,25,1977-02-26,0,0,0,y,0,0,0,0,0,0,0,0,0,The Talons of Weng-Chiang,The Talons of Weng-Chiang,,
14,449,2,25,1977-03-05,0,0,0,y,0,0,0,0,0,0,0,0,0,The Talons of Weng-Chiang,0,,
14,450,3,25,1977-03-12,0,0,0,y,0,0,0,0,0,0,0,0,0,The Talons of Weng-Chiang,0,,
14,451,4,25,1977-03-19,0,0,0,y,0,0,0,0,0,0,0,0,0,The Talons of Weng-Chiang,0,,
14,452,5,25,1977-03-26,0,0,0,y,0,0,0,0,0,0,0,0,0,The Talons of Weng-Chiang,0,,
14,453,6,25,1977-04-02,0,0,0,y,0,0,0,0,0,0,0,0,0,The Talons of Weng-Chiang,0,,
15,454,1,25,1977-09-03,0,0,0,y,0,0,0,0,0,0,0,0,0,Horror of Fang Rock,Horror of Fang Rock,,
15,455,2,25,1977-09-10,0,0,0,y,0,0,0,0,0,0,0,0,0,Horror of Fang Rock,0,,
15,456,3,25,1977-09-17,0,0,0,y,0,0,0,0,0,0,0,0,0,Horror of Fang Rock,0,,
15,457,4,25,1977-09-24,0,0,0,y,0,0,0,0,0,0,0,0,0,Horror of Fang Rock,0,,
15,458,1,25,1977-10-01,0,0,0,y,0,0,0,0,0,0,0,0,0,The Invisible Enemy,The Invisible Enemy,,
15,459,2,25,1977-10-08,0,0,0,y,0,0,0,0,0,0,0,0,0,The Invisible Enemy,0,,
15,460,3,25,1977-10-15,0,0,0,y,0,0,0,0,0,0,0,0,0,The Invisible Enemy,0,,
15,461,4,25,1977-10-22,0,0,0,y,0,0,0,0,0,0,0,0,0,The Invisible Enemy,0,,
15,462,1,25,1977-10-29,0,0,0,y,0,0,0,0,0,0,0,0,0,Image of the Fendahl,Image of the Fendahl,,
15,463,2,25,1977-11-05,0,0,0,y,0,0,0,0,0,0,0,0,0,Image of the Fendahl,0,,
15,464,3,25,1977-11-12,0,0,0,y,0,0,0,0,0,0,0,0,0,Image of the Fendahl,0,,
15,465,4,25,1977-11-19,0,0,0,y,0,0,0,0,0,0,0,0,0,Image of the Fendahl,0,,
15,466,1,25,1977-11-26,0,0,0,y,0,0,0,0,0,0,0,0,0,The Sun Makers,The Sun Makers,,
15,467,2,25,1977-12-03,0,0,0,y,0,0,0,0,0,0,0,0,0,The Sun Makers,0,,
15,468,3,25,1977-12-10,0,0,0,y,0,0,0,0,0,0,0,0,0,The Sun Makers,0,,
15,469,4,25,1977-12-17,0,0,0,y,0,0,0,0,0,0,0,0,0,The Sun Makers,0,,
15,470,1,25,1978-01-07,0,0,0,y,0,0,0,0,0,0,0,0,0,Underworld,Underworld,,
15,471,2,25,1978-01-14,0,0,0,y,0,0,0,0,0,0,0,0,0,Underworld,0,,
15,472,3,25,1978-01-21,0,0,0,y,0,0,0,0,0,0,0,0,0,Underworld,0,,
15,473,4,25,1978-01-28,0,0,0,y,0,0,0,0,0,0,0,0,0,Underworld,0,,
15,474,1,25,1978-02-04,0,0,0,y,0,0,0,0,0,0,0,0,0,The Invasion of Time,The Invasion of Time,,
15,475,2,25,1978-02-11,0,0,0,y,0,0,0,0,0,0,0,0,0,The Invasion of Time,0,,
15,476,3,25,1978-02-18,0,0,0,y,0,0,0,0,0,0,0,0,0,The Invasion of Time,0,,
15,477,4,25,1978-02-25,0,0,0,y,0,0,0,0,0,0,0,0,0,The Invasion of Time,0,,
15,478,5,25,1978-03-04,0,0,0,y,0,0,0,0,0,0,0,0,0,The Invasion of Time,0,,
15,479,6,25,1978-03-11,0,0,0,y,0,0,0,0,0,0,0,0,0,The Invasion of Time,0,,
16,480,1,25,1978-09-02,0,0,0,y,0,0,0,0,0,0,0,0,0,The Ribos Operation,The Ribos Operation,,
16,481,2,25,1978-09-09,0,0,0,y,0,0,0,0,0,0,0,0,0,The Ribos Operation,0,,
16,482,3,25,1978-09-16,0,0,0,y,0,0,0,0,0,0,0,0,0,The Ribos Operation,0,,
16,483,4,25,1978-09-23,0,0,0,y,0,0,0,0,0,0,0,0,0,The Ribos Operation,0,,
16,484,1,25,1978-09-30,0,0,0,y,0,0,0,0,0,0,0,0,0,The Pirate Planet,The Pirate Planet,,
16,485,2,25,1978-10-07,0,0,0,y,0,0,0,0,0,0,0,0,0,The Pirate Planet,0,,
16,486,3,25,1978-10-14,0,0,0,y,0,0,0,0,0,0,0,0,0,The Pirate Planet,0,,
16,487,4,25,1978-10-21,0,0,0,y,0,0,0,0,0,0,0,0,0,The Pirate Planet,0,,
16,488,1,25,1978-10-28,0,0,0,y,0,0,0,0,0,0,0,0,0,The Stones of Blood,The Stones of Blood,,
16,489,2,25,1978-11-04,0,0,0,y,0,0,0,0,0,0,0,0,0,The Stones of Blood,0,,
16,490,3,25,1978-11-11,0,0,0,y,0,0,0,0,0,0,0,0,0,The Stones of Blood,0,,
16,491,4,25,1978-11-18,0,0,0,y,0,0,0,0,0,0,0,0,0,The Stones of Blood,0,,
16,492,1,25,1978-11-25,0,0,0,y,0,0,0,0,0,0,0,0,0,The Androids of Tara,The Androids of Tara,,
16,493,2,25,1978-12-02,0,0,0,y,0,0,0,0,0,0,0,0,0,The Androids of Tara,0,,
16,494,3,25,1978-12-09,0,0,0,y,0,0,0,0,0,0,0,0,0,The Androids of Tara,0,,
16,495,4,25,1978-12-16,0,0,0,y,0,0,0,0,0,0,0,0,0,The Androids of Tara,0,,
16,496,1,25,1978-12-23,0,0,0,y,0,0,0,0,0,0,0,0,0,The Power of Kroll,The Power of Kroll,,
16,497,2,25,1978-12-30,0,0,0,y,0,0,0,0,0,0,0,0,0,The Power of Kroll,0,,
16,498,3,25,1979-01-06,0,0,0,y,0,0,0,0,0,0,0,0,0,The Power of Kroll,0,,
16,499,4,25,1979-01-13,0,0,0,y,0,0,0,0,0,0,0,0,0,The Power of Kroll,0,,
16,500,1,25,1979-01-20,0,0,0,y,0,0,0,0,0,0,0,0,0,The Armageddon Factor,The Armageddon Factor,,
16,501,2,25,1979-01-27,0,0,0,y,0,0,0,0,0,0,0,0,0,The Armageddon Factor,0,,
16,502,3,25,1979-02-03,0,0,0,y,0,0,0,0,0,0,0,0,0,The Armageddon Factor,0,,
16,503,4,25,1979-02-10,0,0,0,y,0,0,0,0,0,0,0,0,0,The Armageddon Factor,0,,
16,504,5,25,1979-02-17,0,0,0,y,0,0,0,0,0,0,0,0,0,The Armageddon Factor,0,,
16,505,6,25,1979-02-24,0,0,0,y,0,0,0,0,0,0,0,0,0,The Armageddon Factor,0,,
17,506,1,25,1979-09-01,0,0,0,y,0,0,0,0,0,0,0,0,0,Destiny of the Daleks,Destiny of the Daleks,,
17,507,2,25,1979-09-08,0,0,0,y,0,0,0,0,0,0,0,0,0,Destiny of the Daleks,0,,
17,508,3,25,1979-09-15,0,0,0,y,0,0,0,0,0,0,0,0,0,Destiny of the Daleks,0,,
17,509,4,25,1979-09-22,0,0,0,y,0,0,0,0,0,0,0,0,0,Destiny of the Daleks,0,,
17,510,1,25,1979-09-29,0,0,0,y,0,0,0,0,0,0,0,0,0,City of Death,City of Death,,
17,511,2,25,1979-10-06,0,0,0,y,0,0,0,0,0,0,0,0,0,City of Death,0,,
17,512,3,25,1979-10-13,0,0,0,y,0,0,0,0,0,0,0,0,0,City of Death,0,,
17,513,4,25,1979-10-20,0,0,0,y,0,0,0,0,0,0,0,0,0,City of Death,0,,
17,514,1,25,1979-10-27,0,0,0,y,0,0,0,0,0,0,0,0,0,The Creature from the Pit,The Creature from the Pit,,
17,515,2,25,1979-11-03,0,0,0,y,0,0,0,0,0,0,0,0,0,The Creature from the Pit,0,,
17,516,3,25,1979-11-10,0,0,0,y,0,0,0,0,0,0,0,0,0,The Creature from the Pit,0,,
17,517,4,25,1979-11-17,0,0,0,y,0,0,0,0,0,0,0,0,0,The Creature from the Pit,0,,
17,518,1,25,1979-11-24,0,0,0,y,0,0,0,0,0,0,0,0,0,Nightmare of Eden,Nightmare of Eden,,
17,519,2,25,1979-12-01,0,0,0,y,0,0,0,0,0,0,0,0,0,Nightmare of Eden,0,,
17,520,3,25,1979-12-08,0,0,0,y,0,0,0,0,0,0,0,0,0,Nightmare of Eden,0,,
17,521,4,25,1979-12-15,0,0,0,y,0,0,0,0,0,0,0,0,0,Nightmare of Eden,0,,
17,522,1,25,1979-12-22,0,0,0,y,0,0,0,0,0,0,0,0,0,The Horns of Nimon,The Horns of Nimon,,
17,523,2,25,1979-12-29,0,0,0,y,0,0,0,0,0,0,0,0,0,The Horns of Nimon,0,,
17,524,3,25,1980-01-05,0,0,0,y,0,0,0,0,0,0,0,0,0,The Horns of Nimon,0,,
17,525,4,25,1980-01-12,0,0,0,y,0,0,0,0,0,0,0,0,0,The Horns of Nimon,0,,
17,-,1,0,1899-12-30,0,0,0,y,0,0,0,0,0,0,0,0,0,Shada,Shada,,
17,-,2,0,1899-12-30,0,0,0,y,0,0,0,0,0,0,0,0,0,Shada,0,,
17,-,3,0,1899-12-30,0,0,0,y,0,0,0,0,0,0,0,0,0,Shada,0,,
17,-,4,0,1899-12-30,0,0,0,y,0,0,0,0,0,0,0,0,0,Shada,0,,
17,-,5,0,1899-12-30,0,0,0,y,0,0,0,0,0,0,0,0,0,Shada,0,,
17,-,6,0,1899-12-30,0,0,0,y,0,0,0,0,0,0,0,0,0,Shada,0,,
18,526,1,25,1980-08-30,0,0,0,y,0,0,0,0,0,0,0,0,0,The Leisure Hive,The Leisure Hive,,
18,527,2,25,1980-09-06,0,0,0,y,0,0,0,0,0,0,0,0,0,The Leisure Hive,0,,
18,528,3,25,1980-09-13,0,0,0,y,0,0,0,0,0,0,0,0,0,The Leisure Hive,0,,
18,529,4,25,1980-09-20,0,0,0,y,0,0,0,0,0,0,0,0,0,The Leisure Hive,0,,
18,530,1,25,1980-09-27,0,0,0,y,0,0,0,0,0,0,0,0,0,Meglos,Meglos,,
18,531,2,25,1980-10-04,0,0,0,y,0,0,0,0,0,0,0,0,0,Meglos,0,,
18,532,3,25,1980-10-11,0,0,0,y,0,0,0,0,0,0,0,0,0,Meglos,0,,
18,533,4,25,1980-10-18,0,0,0,y,0,0,0,0,0,0,0,0,0,Meglos,0,,
18,534,1,25,1980-10-25,0,0,0,y,0,0,0,0,0,0,0,0,0,Full Circle,Full Circle,,
18,535,2,25,1980-11-01,0,0,0,y,0,0,0,0,0,0,0,0,0,Full Circle,0,,
18,536,3,25,1980-11-08,0,0,0,y,0,0,0,0,0,0,0,0,0,Full Circle,0,,
18,537,4,25,1980-11-15,0,0,0,y,0,0,0,0,0,0,0,0,0,Full Circle,0,,
18,538,1,25,1980-11-22,0,0,0,y,0,0,0,0,0,0,0,0,0,State of Decay,State of Decay,,
18,539,2,25,1980-11-29,0,0,0,y,0,0,0,0,0,0,0,0,0,State of Decay,0,,
18,540,3,25,1980-12-06,0,0,0,y,0,0,0,0,0,0,0,0,0,State of Decay,0,,
18,541,4,25,1980-12-13,0,0,0,y,0,0,0,0,0,0,0,0,0,State of Decay,0,,
18,542,1,25,1981-01-03,0,0,0,y,0,0,0,0,0,0,0,0,0,'Warriors'' Gate','Warriors'' Gate',,
18,543,2,25,1981-01-10,0,0,0,y,0,0,0,0,0,0,0,0,0,'Warriors'' Gate',0,,
18,544,3,25,1981-01-17,0,0,0,y,0,0,0,0,0,0,0,0,0,'Warriors'' Gate',0,,
18,545,4,25,1981-01-24,0,0,0,y,0,0,0,0,0,0,0,0,0,'Warriors'' Gate',0,,
18,546,1,25,1981-01-31,0,0,0,y,0,0,0,0,0,0,0,0,0,The Keeper of Traken,The Keeper of Traken,,
18,547,2,25,1981-02-07,0,0,0,y,0,0,0,0,0,0,0,0,0,The Keeper of Traken,0,,
18,548,3,25,1981-02-14,0,0,0,y,0,0,0,0,0,0,0,0,0,The Keeper of Traken,0,,
18,549,4,25,1981-02-21,0,0,0,y,0,0,0,0,0,0,0,0,0,The Keeper of Traken,0,,
18,550,1,25,1981-02-28,0,0,0,y,0,0,0,0,0,0,0,0,0,Logopolis,Logopolis,,
18,551,2,25,1981-03-07,0,0,0,y,0,0,0,0,0,0,0,0,0,Logopolis,0,,
18,552,3,25,1981-03-14,0,0,0,y,0,0,0,0,0,0,0,0,0,Logopolis,0,,
18,553,4,25,1981-03-21,0,0,0,y,y,0,0,0,0,0,0,0,0,Logopolis,0,,
19,554,1,25,1982-01-04,0,0,0,0,y,0,0,0,0,0,0,0,0,Castrovalva,Castrovalva,,
19,555,2,25,1982-01-05,0,0,0,0,y,0,0,0,0,0,0,0,0,Castrovalva,0,,
19,556,3,25,1982-01-11,0,0,0,0,y,0,0,0,0,0,0,0,0,Castrovalva,0,,
19,557,4,25,1982-01-12,0,0,0,0,y,0,0,0,0,0,0,0,0,Castrovalva,0,,
19,558,1,25,1982-01-18,0,0,0,0,y,0,0,0,0,0,0,0,0,Four to Doomsday,Four to Doomsday,,
19,559,2,25,1982-01-19,0,0,0,0,y,0,0,0,0,0,0,0,0,Four to Doomsday,0,,
19,560,3,25,1982-01-25,0,0,0,0,y,0,0,0,0,0,0,0,0,Four to Doomsday,0,,
19,561,4,25,1982-01-26,0,0,0,0,y,0,0,0,0,0,0,0,0,Four to Doomsday,0,,
19,562,1,25,1982-02-01,0,0,0,0,y,0,0,0,0,0,0,0,0,Kinda,Kinda,,
19,563,2,25,1982-02-02,0,0,0,0,y,0,0,0,0,0,0,0,0,Kinda,0,,
19,564,3,25,1982-02-08,0,0,0,0,y,0,0,0,0,0,0,0,0,Kinda,0,,
19,565,4,25,1982-02-09,0,0,0,0,y,0,0,0,0,0,0,0,0,Kinda,0,,
19,566,1,25,1982-02-15,0,0,0,0,y,0,0,0,0,0,0,0,0,The Visitation,The Visitation,,
19,567,2,25,1982-02-16,0,0,0,0,y,0,0,0,0,0,0,0,0,The Visitation,0,,
19,568,3,25,1982-02-22,0,0,0,0,y,0,0,0,0,0,0,0,0,The Visitation,0,,
19,569,4,25,1982-02-23,0,0,0,0,y,0,0,0,0,0,0,0,0,The Visitation,0,,
19,570,1,25,1982-03-01,0,0,0,0,y,0,0,0,0,0,0,0,0,Black Orchid,Black Orchid,,
19,571,2,25,1982-03-02,0,0,0,0,y,0,0,0,0,0,0,0,0,Black Orchid,0,,
19,572,1,25,1982-03-08,0,0,0,0,y,0,0,0,0,0,0,0,0,Earthshock,Earthshock,,
19,573,2,25,1982-03-09,0,0,0,0,y,0,0,0,0,0,0,0,0,Earthshock,0,,
19,574,3,25,1982-03-15,0,0,0,0,y,0,0,0,0,0,0,0,0,Earthshock,0,,
19,575,4,25,1982-03-16,0,0,0,0,y,0,0,0,0,0,0,0,0,Earthshock,0,,
19,576,1,25,1982-03-22,0,0,0,0,y,0,0,0,0,0,0,0,0,Time-Flight,Time-Flight,,
19,577,2,25,1982-03-23,0,0,0,0,y,0,0,0,0,0,0,0,0,Time-Flight,0,,
19,578,3,25,1982-03-29,0,0,0,0,y,0,0,0,0,0,0,0,0,Time-Flight,0,,
19,579,4,25,1982-03-30,0,0,0,0,y,0,0,0,0,0,0,0,0,Time-Flight,0,,
20,580,1,25,1983-01-03,0,0,0,0,y,0,0,0,0,0,0,0,0,Arc of Infinity,Arc of Infinity,,
20,581,2,25,1983-01-05,0,0,0,0,y,0,0,0,0,0,0,0,0,Arc of Infinity,0,,
20,582,3,25,1983-01-11,0,0,0,0,y,0,0,0,0,0,0,0,0,Arc of Infinity,0,,
20,583,4,25,1983-01-12,0,0,0,0,y,0,0,0,0,0,0,0,0,Arc of Infinity,0,,
20,584,1,25,1983-01-18,0,0,0,0,y,0,0,0,0,0,0,0,0,Snakedance,Snakedance,,
20,585,2,25,1983-01-19,0,0,0,0,y,0,0,0,0,0,0,0,0,Snakedance,0,,
20,586,3,25,1983-01-25,0,0,0,0,y,0,0,0,0,0,0,0,0,Snakedance,0,,
20,587,4,25,1983-01-26,0,0,0,0,y,0,0,0,0,0,0,0,0,Snakedance,0,,
20,588,1,25,1983-02-01,0,0,0,0,y,0,0,0,0,0,0,0,0,Mawdryn Undead,Mawdryn Undead,,
20,589,2,25,1983-02-02,0,0,0,0,y,0,0,0,0,0,0,0,0,Mawdryn Undead,0,,
20,590,3,25,1983-02-08,0,0,0,0,y,0,0,0,0,0,0,0,0,Mawdryn Undead,0,,
20,591,4,25,1983-02-09,0,0,0,0,y,0,0,0,0,0,0,0,0,Mawdryn Undead,0,,
20,592,1,25,1983-02-15,0,0,0,0,y,0,0,0,0,0,0,0,0,Terminus,Terminus,,
20,593,2,25,1983-02-16,0,0,0,0,y,0,0,0,0,0,0,0,0,Terminus,0,,
20,594,3,25,1983-02-22,0,0,0,0,y,0,0,0,0,0,0,0,0,Terminus,0,,
20,595,4,25,1983-02-23,0,0,0,0,y,0,0,0,0,0,0,0,0,Terminus,0,,
20,596,1,25,1983-03-01,0,0,0,0,y,0,0,0,0,0,0,0,0,Enlightenment,Enlightenment,,
20,597,2,25,1983-03-02,0,0,0,0,y,0,0,0,0,0,0,0,0,Enlightenment,0,,
20,598,3,25,1983-03-08,0,0,0,0,y,0,0,0,0,0,0,0,0,Enlightenment,0,,
20,599,4,25,1983-03-09,0,0,0,0,y,0,0,0,0,0,0,0,0,Enlightenment,0,,
20,600,1,25,1983-03-15,0,0,0,0,y,0,0,0,0,0,0,0,0,'The King''s Demons','The King''s Demons',,
20,601,2,25,1983-03-16,0,0,0,0,y,0,0,0,0,0,0,0,0,'The King''s Demons',0,,
20,602,1,90,1983-11-25,y,y,y,y,y,0,0,0,0,0,0,0,0,The Five Doctors,The Five Doctors,,
21,603,1,25,1984-01-05,0,0,0,0,y,0,0,0,0,0,0,0,0,Warriors of the Deep,Warriors of the Deep,,
21,604,2,25,1984-01-06,0,0,0,0,y,0,0,0,0,0,0,0,0,Warriors of the Deep,0,,
21,605,3,25,1984-01-12,0,0,0,0,y,0,0,0,0,0,0,0,0,Warriors of the Deep,0,,
21,606,4,25,1984-01-13,0,0,0,0,y,0,0,0,0,0,0,0,0,Warriors of the Deep,0,,
21,607,1,25,1984-01-19,0,0,0,0,y,0,0,0,0,0,0,0,0,The Awakening,The Awakening,,
21,608,2,25,1984-01-20,0,0,0,0,y,0,0,0,0,0,0,0,0,The Awakening,0,,
21,609,1,25,1984-01-26,0,0,0,0,y,0,0,0,0,0,0,0,0,Frontios,Frontios,,
21,610,2,25,1984-01-27,0,0,0,0,y,0,0,0,0,0,0,0,0,Frontios,0,,
21,611,3,25,1984-02-02,0,0,0,0,y,0,0,0,0,0,0,0,0,Frontios,0,,
21,612,4,25,1984-02-03,0,0,0,0,y,0,0,0,0,0,0,0,0,Frontios,0,,
21,613,1,45,1984-02-08,0,0,0,0,y,0,0,0,0,0,0,0,0,Resurrection of the Daleks,Resurrection of the Daleks,,
21,614,2,45,1984-02-15,0,0,0,0,y,0,0,0,0,0,0,0,0,Resurrection of the Daleks,0,,
21,615,1,25,1984-02-23,0,0,0,0,y,0,0,0,0,0,0,0,0,Planet of Fire,Planet of Fire,,
21,616,2,25,1984-02-24,0,0,0,0,y,0,0,0,0,0,0,0,0,Planet of Fire,0,,
21,617,3,25,1984-03-01,0,0,0,0,y,0,0,0,0,0,0,0,0,Planet of Fire,0,,
21,618,4,25,1984-03-02,0,0,0,0,y,0,0,0,0,0,0,0,0,Planet of Fire,0,,
21,619,1,25,1984-03-08,0,0,0,0,y,0,0,0,0,0,0,0,0,The Caves of Androzani,The Caves of Androzani,,
21,620,2,25,1984-03-09,0,0,0,0,y,0,0,0,0,0,0,0,0,The Caves of Androzani,0,,
21,621,3,25,1984-03-15,0,0,0,0,y,0,0,0,0,0,0,0,0,The Caves of Androzani,0,,
21,622,4,25,1984-03-16,0,0,0,0,y,y,0,0,0,0,0,0,0,The Caves of Androzani,0,,
21,623,1,25,1984-03-22,0,0,0,0,0,y,0,0,0,0,0,0,0,The Twin Dilemma,The Twin Dilemma,,
21,624,2,25,1984-03-23,0,0,0,0,0,y,0,0,0,0,0,0,0,The Twin Dilemma,0,,
21,625,3,25,1984-03-29,0,0,0,0,0,y,0,0,0,0,0,0,0,The Twin Dilemma,0,,
21,626,4,25,1984-03-30,0,0,0,0,0,y,0,0,0,0,0,0,0,The Twin Dilemma,0,,
22,627,1,45,1985-01-05,0,0,0,0,0,y,0,0,0,0,0,0,0,Attack of the Cybermen,Attack of the Cybermen,,
22,628,2,45,1985-01-12,0,0,0,0,0,y,0,0,0,0,0,0,0,Attack of the Cybermen,0,,
22,629,1,45,1985-01-19,0,0,0,0,0,y,0,0,0,0,0,0,0,Vengeance on Varos,Vengeance on Varos,,
22,630,2,45,1985-01-26,0,0,0,0,0,y,0,0,0,0,0,0,0,Vengeance on Varos,0,,
22,631,1,45,1985-02-02,0,0,0,0,0,y,0,0,0,0,0,0,0,The Mark of the Rani,The Mark of the Rani,,
22,632,2,45,1985-02-09,0,0,0,0,0,y,0,0,0,0,0,0,0,The Mark of the Rani,0,,
22,633,1,45,1985-02-16,0,y,0,0,0,y,0,0,0,0,0,0,0,The Two Doctors,The Two Doctors,,
22,634,2,45,1985-02-23,0,y,0,0,0,y,0,0,0,0,0,0,0,The Two Doctors,0,,
22,635,3,45,1985-03-02,0,y,0,0,0,y,0,0,0,0,0,0,0,The Two Doctors,0,,
22,636,1,45,1985-03-09,0,0,0,0,0,y,0,0,0,0,0,0,0,Timelash,Timelash,,
22,637,2,45,1985-03-16,0,0,0,0,0,y,0,0,0,0,0,0,0,Timelash,0,,
22,638,1,45,1985-03-23,0,0,0,0,0,y,0,0,0,0,0,0,0,Revelation of the Daleks,Revelation of the Daleks,,
22,639,2,45,1985-03-30,0,0,0,0,0,y,0,0,0,0,0,0,0,Revelation of the Daleks,0,,
23,640,1,25,1986-09-06,0,0,0,0,0,y,0,0,0,0,0,0,0,The Mysterious Planet,The Mysterious Planet,,
23,641,2,25,1986-09-13,0,0,0,0,0,y,0,0,0,0,0,0,0,The Mysterious Planet,0,,
23,642,3,25,1986-09-20,0,0,0,0,0,y,0,0,0,0,0,0,0,The Mysterious Planet,0,,
23,643,4,25,1986-09-27,0,0,0,0,0,y,0,0,0,0,0,0,0,The Mysterious Planet,0,,
23,644,1,25,1986-10-04,0,0,0,0,0,y,0,0,0,0,0,0,0,Mindwarp,Mindwarp,,
23,645,2,25,1986-10-11,0,0,0,0,0,y,0,0,0,0,0,0,0,Mindwarp,0,,
23,646,3,25,1986-10-18,0,0,0,0,0,y,0,0,0,0,0,0,0,Mindwarp,0,,
23,647,4,25,1986-10-25,0,0,0,0,0,y,0,0,0,0,0,0,0,Mindwarp,0,,
23,648,1,25,1986-11-01,0,0,0,0,0,y,0,0,0,0,0,0,0,Terror of the Vervoids,Terror of the Vervoids,,
23,649,2,25,1986-11-08,0,0,0,0,0,y,0,0,0,0,0,0,0,Terror of the Vervoids,0,,
23,650,3,25,1986-11-15,0,0,0,0,0,y,0,0,0,0,0,0,0,Terror of the Vervoids,0,,
23,651,4,25,1986-11-22,0,0,0,0,0,y,0,0,0,0,0,0,0,Terror of the Vervoids,0,,
23,652,1,25,1986-11-29,0,0,0,0,0,y,0,0,0,0,0,0,0,The Ultimate Foe,The Ultimate Foe,,
23,653,2,30,1986-12-06,0,0,0,0,0,y,0,0,0,0,0,0,0,The Ultimate Foe,0,,
24,654,1,25,1987-09-07,0,0,0,0,0,y,y,0,0,0,0,0,0,Time and the Rani ,Time and the Rani ,,
24,655,2,25,1987-09-14,0,0,0,0,0,0,y,0,0,0,0,0,0,Time and the Rani ,0,,
24,656,3,25,1987-09-21,0,0,0,0,0,0,y,0,0,0,0,0,0,Time and the Rani ,0,,
24,657,4,25,1987-09-28,0,0,0,0,0,0,y,0,0,0,0,0,0,Time and the Rani ,0,,
24,658,1,25,1987-10-05,0,0,0,0,0,0,y,0,0,0,0,0,0,Paradise Towers ,Paradise Towers ,,
24,659,2,25,1987-10-12,0,0,0,0,0,0,y,0,0,0,0,0,0,Paradise Towers ,0,,
24,660,3,25,1987-10-19,0,0,0,0,0,0,y,0,0,0,0,0,0,Paradise Towers ,0,,
24,661,4,25,1987-10-26,0,0,0,0,0,0,y,0,0,0,0,0,0,Paradise Towers ,0,,
24,662,1,25,1987-11-02,0,0,0,0,0,0,y,0,0,0,0,0,0,Delta and the Bannermen ,Delta and the Bannermen ,,
24,663,2,25,1987-11-09,0,0,0,0,0,0,y,0,0,0,0,0,0,Delta and the Bannermen ,0,,
24,664,3,25,1987-11-16,0,0,0,0,0,0,y,0,0,0,0,0,0,Delta and the Bannermen ,0,,
24,665,1,25,1987-11-23,0,0,0,0,0,0,y,0,0,0,0,0,0,Dragonfire ,Dragonfire ,,
24,666,2,25,1987-11-30,0,0,0,0,0,0,y,0,0,0,0,0,0,Dragonfire ,0,,
24,667,3,25,1987-12-07,0,0,0,0,0,0,y,0,0,0,0,0,0,Dragonfire ,0,,
25,668,1,25,1988-10-05,0,0,0,0,0,0,y,0,0,0,0,0,0,Remembrance of the Daleks ,Remembrance of the Daleks ,,
25,669,2,25,1988-10-12,0,0,0,0,0,0,y,0,0,0,0,0,0,Remembrance of the Daleks ,0,,
25,670,3,25,1988-10-19,0,0,0,0,0,0,y,0,0,0,0,0,0,Remembrance of the Daleks ,0,,
25,671,4,25,1988-10-26,0,0,0,0,0,0,y,0,0,0,0,0,0,Remembrance of the Daleks ,0,,
25,672,1,25,1988-11-02,0,0,0,0,0,0,y,0,0,0,0,0,0,The Happiness Patrol ,The Happiness Patrol ,,
25,673,2,25,1988-11-09,0,0,0,0,0,0,y,0,0,0,0,0,0,The Happiness Patrol ,0,,
25,674,3,25,1988-11-16,0,0,0,0,0,0,y,0,0,0,0,0,0,The Happiness Patrol ,0,,
25,675,1,25,1988-11-23,0,0,0,0,0,0,y,0,0,0,0,0,0,Silver Nemesis ,Silver Nemesis ,,
25,676,2,25,1988-11-30,0,0,0,0,0,0,y,0,0,0,0,0,0,Silver Nemesis ,0,,
25,677,3,25,1988-12-07,0,0,0,0,0,0,y,0,0,0,0,0,0,Silver Nemesis ,0,,
25,678,1,25,1988-12-14,0,0,0,0,0,0,y,0,0,0,0,0,0,The Greatest Show in the Galaxy ,The Greatest Show in the Galaxy ,,
25,679,2,25,1988-12-21,0,0,0,0,0,0,y,0,0,0,0,0,0,The Greatest Show in the Galaxy ,0,,
25,680,3,25,1988-12-28,0,0,0,0,0,0,y,0,0,0,0,0,0,The Greatest Show in the Galaxy ,0,,
25,681,4,25,1989-01-04,0,0,0,0,0,0,y,0,0,0,0,0,0,The Greatest Show in the Galaxy ,0,,
26,682,1,25,1989-09-06,0,0,0,0,0,0,y,0,0,0,0,0,0,Battlefield ,Battlefield ,,
26,683,2,25,1989-09-13,0,0,0,0,0,0,y,0,0,0,0,0,0,Battlefield ,0,,
26,684,3,25,1989-09-20,0,0,0,0,0,0,y,0,0,0,0,0,0,Battlefield ,0,,
26,685,4,25,1989-09-27,0,0,0,0,0,0,y,0,0,0,0,0,0,Battlefield ,0,,
26,686,1,25,1989-10-04,0,0,0,0,0,0,y,0,0,0,0,0,0,Ghost Light ,Ghost Light ,,
26,687,2,25,1989-10-11,0,0,0,0,0,0,y,0,0,0,0,0,0,Ghost Light ,0,,
26,688,3,25,1989-10-18,0,0,0,0,0,0,y,0,0,0,0,0,0,Ghost Light ,0,,
26,689,1,25,1989-10-25,0,0,0,0,0,0,y,0,0,0,0,0,0,The Curse of Fenric ,The Curse of Fenric ,,
26,690,2,25,1989-11-01,0,0,0,0,0,0,y,0,0,0,0,0,0,The Curse of Fenric ,0,,
26,691,3,25,1989-11-08,0,0,0,0,0,0,y,0,0,0,0,0,0,The Curse of Fenric ,0,,
26,692,4,25,1989-11-15,0,0,0,0,0,0,y,0,0,0,0,0,0,The Curse of Fenric ,0,,
26,693,1,25,1989-11-22,0,0,0,0,0,0,y,0,0,0,0,0,0,Survival ,Survival ,,
26,694,2,25,1989-11-29,0,0,0,0,0,0,y,0,0,0,0,0,0,Survival ,0,,
26,695,3,25,1989-12-06,0,0,0,0,0,0,y,0,0,0,0,0,0,Survival ,0,,
#VALUE!,696,1,89,1996-05-27,0,0,0,0,0,0,y,y,0,0,0,0,0,Doctor Who,Doctor Who,,
1,697,1,45,2005-03-26,0,0,0,0,0,0,0,0,y,0,0,0,0,Rose,Rose,,
1,698,1,45,2005-04-02,0,0,0,0,0,0,0,0,y,0,0,0,0,The End of the World,The End of the World,,
1,699,1,45,2005-04-09,0,0,0,0,0,0,0,0,y,0,0,0,0,The Unquiet Dead,The Unquiet Dead,,
1,700,1,45,2005-04-16,0,0,0,0,0,0,0,0,y,0,0,0,0,Aliens of London,Aliens of London,,
1,701,2,45,2005-04-23,0,0,0,0,0,0,0,0,y,0,0,0,0,World War Three,World War Three,,
1,702,1,45,2005-04-30,0,0,0,0,0,0,0,0,y,0,0,0,0,Dalek,Dalek,,
1,703,1,45,2005-05-07,0,0,0,0,0,0,0,0,y,0,0,0,0,The Long Game,The Long Game,,
1,704,1,45,2005-05-14,0,0,0,0,0,0,0,0,y,0,0,0,0,'Father''s Day','Father''s Day',,
1,705,1,45,2005-05-21,0,0,0,0,0,0,0,0,y,0,0,0,0,The Empty Child,The Empty Child,,
1,706,2,45,2005-05-28,0,0,0,0,0,0,0,0,y,0,0,0,0,The Doctor Dances,The Doctor Dances,,
1,707,1,45,2005-06-04,0,0,0,0,0,0,0,0,y,0,0,0,0,Boom Town,Boom Town,,
1,708,1,45,2005-06-11,0,0,0,0,0,0,0,0,y,0,0,0,0,Bad Wolf,Bad Wolf,,
1,709,2,45,2005-06-18,0,0,0,0,0,0,0,0,y,y,0,0,0,The Parting of the Ways,The Parting of the Ways,,
#VALUE!,-,1,7,2005-11-18,0,0,0,0,0,0,0,0,0,y,0,0,0,Children in Need Special,Children in Need Special,,
2,710,1,60,2005-12-25,0,0,0,0,0,0,0,0,0,y,0,0,0,The Christmas Invasion,The Christmas Invasion,,
2,711,1,45,2006-04-15,0,0,0,0,0,0,0,0,0,y,0,0,0,New Earth,New Earth,,
2,712,1,45,2006-04-22,0,0,0,0,0,0,0,0,0,y,0,0,0,Tooth and Claw,Tooth and Claw,,
2,713,1,45,2006-04-29,0,0,0,0,0,0,0,0,0,y,0,0,0,School Reunion,School Reunion,,
2,714,1,45,2006-05-06,0,0,0,0,0,0,0,0,0,y,0,0,0,The Girl in the Fireplace,The Girl in the Fireplace,,
2,715,1,45,2006-05-13,0,0,0,0,0,0,0,0,0,y,0,0,0,Rise of the Cybermen,Rise of the Cybermen,,
2,716,2,45,2006-05-20,0,0,0,0,0,0,0,0,0,y,0,0,0,The Age of Steel,The Age of Steel,,
2,717,1,45,2006-05-17,0,0,0,0,0,0,0,0,0,y,0,0,0,'The Idiot''s Lantern','The Idiot''s Lantern',,
2,718,1,45,2006-06-03,0,0,0,0,0,0,0,0,0,y,0,0,0,The Impossible Planet,The Impossible Planet,,
2,719,2,45,2006-06-10,0,0,0,0,0,0,0,0,0,y,0,0,0,The Satan Pit,The Satan Pit,,
2,720,1,45,2006-06-17,0,0,0,0,0,0,0,0,0,y,0,0,0,Love & Monsters,Love & Monsters,,
2,721,1,45,2006-06-24,0,0,0,0,0,0,0,0,0,y,0,0,0,Fear Her,Fear Her,,
2,722,1,45,2006-07-01,0,0,0,0,0,0,0,0,0,y,0,0,0,Army of Ghosts,Army of Ghosts,,
2,723,2,45,2006-07-08,0,0,0,0,0,0,0,0,0,y,0,0,0,Doomsday,Doomsday,,
3,724,1,60,2006-12-25,0,0,0,0,0,0,0,0,0,y,0,0,0,The Runaway Bride ,The Runaway Bride ,,
3,725,1,45,2007-03-31,0,0,0,0,0,0,0,0,0,y,0,0,0,Smith and Jones,Smith and Jones,,
3,726,1,45,2007-04-07,0,0,0,0,0,0,0,0,0,y,0,0,0,The Shakespeare Code,The Shakespeare Code,,
3,727,1,45,2007-04-14,0,0,0,0,0,0,0,0,0,y,0,0,0,Gridlock,Gridlock,,
3,728,1,45,2007-04-21,0,0,0,0,0,0,0,0,0,y,0,0,0,Daleks in Manhattan,Daleks in Manhattan,,
3,729,2,45,2007-04-28,0,0,0,0,0,0,0,0,0,y,0,0,0,Evolution of the Daleks,Evolution of the Daleks,,
3,730,1,45,2007-05-05,0,0,0,0,0,0,0,0,0,y,0,0,0,The Lazarus Experiment,The Lazarus Experiment,,
3,731,1,45,2007-05-19,0,0,0,0,0,0,0,0,0,y,0,0,0,42,42,,
3,732,1,45,2007-05-26,0,0,0,0,0,0,0,0,0,y,0,0,0,Human Nature,Human Nature,,
3,733,2,45,2007-06-02,0,0,0,0,0,0,0,0,0,y,0,0,0,The Family of Blood,The Family of Blood,,
3,734,1,45,2007-06-09,0,0,0,0,0,0,0,0,0,y,0,0,0,Blink,Blink,,
3,735,1,45,2007-06-16,0,0,0,0,0,0,0,0,0,y,0,0,0,Utopia,Utopia,,
3,736,2,45,2007-06-23,0,0,0,0,0,0,0,0,0,y,0,0,0,The Sound of Drums,The Sound of Drums,,
3,737,3,51,2007-06-30,0,0,0,0,0,0,0,0,0,y,0,0,0,Last of the Time Lords,Last of the Time Lords,,
#VALUE!,-,1,45,2007-06-30,0,0,0,0,0,0,0,0,0,y,0,0,0,The Infinite Quest,The Infinite Quest,,
#VALUE!,-,1,8,2007-11-16,0,0,0,0,y,0,0,0,0,y,0,0,0,Time Crash,Time Crash,,
4,738,1,71,2007-12-25,0,0,0,0,0,0,0,0,0,y,0,0,0,Voyage of the Damned ,Voyage of the Damned ,,
4,739,1,50,2008-04-05,0,0,0,0,0,0,0,0,0,y,0,0,0,Partners in Crime,Partners in Crime,,
4,740,1,50,2008-04-12,0,0,0,0,0,0,0,0,0,y,0,0,0,The Fires of Pompeii,The Fires of Pompeii,,
4,741,1,45,2008-04-19,0,0,0,0,0,0,0,0,0,y,0,0,0,Planet of the Ood,Planet of the Ood,,
4,742,1,45,2008-04-26,0,0,0,0,0,0,0,0,0,y,0,0,0,The Sontaran Stratagem,The Sontaran Stratagem,,
4,743,2,45,2008-05-03,0,0,0,0,0,0,0,0,0,y,0,0,0,The Poison Sky,The Poison Sky,,
4,744,1,45,2008-05-10,0,0,0,0,0,0,0,0,0,y,0,0,0,'The Doctor''s Daughter','The Doctor''s Daughter',,
4,745,1,45,2008-05-17,0,0,0,0,0,0,0,0,0,y,0,0,0,The Unicorn and the Wasp,The Unicorn and the Wasp,,
4,746,1,45,2008-05-31,0,0,0,0,0,0,0,0,0,y,0,0,0,Silence in the Library,Silence in the Library,,
4,747,2,45,2008-06-07,0,0,0,0,0,0,0,0,0,y,0,0,0,Forest of the Dead,Forest of the Dead,,
4,748,1,45,2008-06-14,0,0,0,0,0,0,0,0,0,y,0,0,0,Midnight,Midnight,,
4,749,1,50,2008-06-21,0,0,0,0,0,0,0,0,0,y,0,0,0,Turn Left,Turn Left,,
4,750,1,45,2008-06-28,0,0,0,0,0,0,0,0,0,y,0,0,0,The Stolen Earth,The Stolen Earth,,
4,751,2,65,2008-07-05,0,0,0,0,0,0,0,0,0,y,0,0,0,'Journey''s End','Journey''s End',,
#VALUE!,-,1,7,2008-07-27,0,0,0,0,0,0,0,0,0,y,0,0,0,Music of the Spheres,Music of the Spheres,,
4,752,1,60,2008-12-25,0,0,0,0,0,0,0,0,0,y,0,0,0,The Next Doctor ,The Next Doctor ,,
4,753,1,60,2009-04-11,0,0,0,0,0,0,0,0,0,y,0,0,0,Planet of the Dead,Planet of the Dead,,
4,754,1,60,2009-11-15,0,0,0,0,0,0,0,0,0,y,0,0,0,The Waters of Mars,The Waters of Mars,,
#VALUE!,-,1,45,2009-12-05,0,0,0,0,0,0,0,0,0,y,0,0,0,Dreamland,Dreamland,,
4,755,1,60,2009-12-25,0,0,0,0,0,0,0,0,0,y,0,0,0,The End of Time,The End of Time,,
4,756,2,75,2010-01-01,0,0,0,0,0,0,0,0,0,y,y,0,0,The End of Time,0,,
5,757,1,65,2010-04-03,0,0,0,0,0,0,0,0,0,0,y,0,0,The Eleventh Hour,The Eleventh Hour,,
5,758,1,45,2010-04-10,0,0,0,0,0,0,0,0,0,0,y,0,0,The Beast Below,The Beast Below,,
5,759,1,45,2010-04-17,0,0,0,0,0,0,0,0,0,0,y,0,0,Victory of the Daleks,Victory of the Daleks,,
5,760,1,45,2010-04-24,0,0,0,0,0,0,0,0,0,0,y,0,0,The Time of Angels,The Time of Angels,,
5,761,2,45,2010-05-01,0,0,0,0,0,0,0,0,0,0,y,0,0,Flesh and Stone,Flesh and Stone,,
5,762,1,50,2010-05-08,0,0,0,0,0,0,0,0,0,0,y,0,0,Vampires of Venice,Vampires of Venice,,
5,763,1,45,2010-05-15,0,0,0,0,0,0,0,0,0,0,y,0,0,'Amy''s Choice','Amy''s Choice',,
5,764,1,45,2010-05-22,0,0,0,0,0,0,0,0,0,0,y,0,0,The Hungry Earth,The Hungry Earth,,
5,765,2,45,2010-05-29,0,0,0,0,0,0,0,0,0,0,y,0,0,Cold Blood,Cold Blood,,
5,766,1,45,2010-06-05,0,0,0,0,0,0,0,0,0,0,y,0,0,Vincent and the Doctor,Vincent and the Doctor,,
5,767,1,45,2010-06-12,0,0,0,0,0,0,0,0,0,0,y,0,0,The Lodger,The Lodger,,
5,768,1,50,2010-06-19,0,0,0,0,0,0,0,0,0,0,y,0,0,The Pandorica Opens,The Pandorica Opens,,
5,769,2,55,2010-06-26,0,0,0,0,0,0,0,0,0,0,y,0,0,The Big Bang,The Big Bang,,
6,770,1,60,2010-12-25,0,0,0,0,0,0,0,0,0,0,y,0,0,A Christmas Carol,A Christmas Carol,,
#VALUE!,-,1,4,2011-03-18,0,0,0,0,0,0,0,0,0,0,y,0,0,Space,Space,,
#VALUE!,-,2,4,2011-03-18,0,0,0,0,0,0,0,0,0,0,y,0,0,Time,Time,,
6,771,1,45,2011-04-23,0,0,0,0,0,0,0,0,0,0,y,0,0,The Impossible Astronaut,The Impossible Astronaut,,
6,772,2,45,2011-04-30,0,0,0,0,0,0,0,0,0,0,y,0,0,Day of the Moon,Day of the Moon,,
6,773,1,45,2011-05-07,0,0,0,0,0,0,0,0,0,0,y,0,0,The Curse of the Black Spot,The Curse of the Black Spot,,
6,774,1,45,2011-05-14,0,0,0,0,0,0,0,0,0,0,y,0,0,'The Doctor''s Wife','The Doctor''s Wife',,
6,775,1,45,2011-05-21,0,0,0,0,0,0,0,0,0,0,y,0,0,The Rebel Flesh,The Rebel Flesh,,
6,776,2,45,2011-05-28,0,0,0,0,0,0,0,0,0,0,y,0,0,The Almost People,The Almost People,,
6,777,1,50,2011-06-04,0,0,0,0,0,0,0,0,0,0,y,0,0,A Good Man Goes to War,A Good Man Goes to War,,
6,778,2,50,2011-08-27,0,0,0,0,0,0,0,0,0,0,y,0,0,'Let''s Kill Hitler','Let''s Kill Hitler',,
6,779,1,45,2011-09-03,0,0,0,0,0,0,0,0,0,0,y,0,0,Night Terrors,Night Terrors,,
6,780,1,45,2011-09-10,0,0,0,0,0,0,0,0,0,0,y,0,0,The Girl who Waited,The Girl who Waited,,
6,781,1,50,2011-09-17,0,0,0,0,0,0,0,0,0,0,y,0,0,The God Complex,The God Complex,,
6,782,1,50,2011-09-24,0,0,0,0,0,0,0,0,0,0,y,0,0,Closing Time,Closing Time,,
6,783,1,45,2011-10-01,0,0,0,0,0,0,0,0,0,0,y,0,0,The Wedding of River Song,The Wedding of River Song,,
7,784,1,60,2011-12-25,0,0,0,0,0,0,0,0,0,0,y,0,0,The Doctor the Widow and the Wardrobe,The Doctor the Widow and the Wardrobe,,
#VALUE!,-,1,5,2012-09-01,0,0,0,0,0,0,0,0,0,0,0,0,0,Pond Life,Pond Life,,
7,785,1,50,2012-09-01,0,0,0,0,0,0,0,0,0,0,y,0,0,Asylum of the Daleks,Asylum of the Daleks,,
7,786,1,45,2012-09-08,0,0,0,0,0,0,0,0,0,0,y,0,0,Dinosaurs on a Spaceship,Dinosaurs on a Spaceship,,
7,787,1,45,2012-09-15,0,0,0,0,0,0,0,0,0,0,y,0,0,A Town Called Mercy,A Town Called Mercy,,
7,788,1,45,2012-09-22,0,0,0,0,0,0,0,0,0,0,y,0,0,The Power of Three,The Power of Three,,
7,789,1,45,2012-09-29,0,0,0,0,0,0,0,0,0,0,y,0,0,The Angels Take Manhattan,The Angels Take Manhattan,,
7,790,1,60,2012-12-25,0,0,0,0,0,0,0,0,0,0,y,0,0,The Snowmen,The Snowmen,,
7,791,1,45,2013-03-30,0,0,0,0,0,0,0,0,0,0,y,0,0,The Bells of Saint John,The Bells of Saint John,,
7,792,1,45,2013-04-06,0,0,0,0,0,0,0,0,0,0,y,0,0,The Rings of Akhaten,The Rings of Akhaten,,
7,793,1,40,2013-04-13,0,0,0,0,0,0,0,0,0,0,y,0,0,Cold War,Cold War,,
7,794,1,45,2013-04-20,0,0,0,0,0,0,0,0,0,0,y,0,0,Hide,Hide,,
7,795,1,45,2013-04-27,0,0,0,0,0,0,0,0,0,0,y,0,0,Journey to the Centre of the TARDIS,Journey to the Centre of the TARDIS,,
7,796,1,45,2013-05-04,0,0,0,0,0,0,0,0,0,0,y,0,0,The Crimson Horror,The Crimson Horror,,
7,797,1,45,2013-05-11,0,0,0,0,0,0,0,0,0,0,y,0,0,Nightmare in Silver,Nightmare in Silver,,
7,798,1,45,2013-05-18,0,0,0,0,0,0,0,0,0,0,y,0,0,The Name of the Doctor,The Name of the Doctor,,
#VALUE!,-,1,7,2013-11-14,0,0,0,0,0,0,0,y,0,0,0,0,0,The Night of the Doctor,The Night of the Doctor,,
7,800,1,60,2013-12-25,0,0,0,0,0,0,0,0,0,y,y,0,0,The Time of the Doctor,The Time of the Doctor,,
8,801,1,75,2014-08-23,0,0,0,0,0,0,0,0,0,0,y,y,0,Deep Breath,Deep Breath,,
8,802,1,45,2014-08-30,0,0,0,0,0,0,0,0,0,0,0,y,0,Into The Dalek,Into The Dalek,,
8,803,1,45,2014-09-06,0,0,0,0,0,0,0,0,0,0,0,y,0,Robot of Sherwood,Robot of Sherwood,,
8,804,1,45,2014-09-13,0,0,0,0,0,0,0,0,0,0,0,y,0,Listen,Listen,,
8,805,1,45,2014-09-20,0,0,0,0,0,0,0,0,0,0,0,y,0,Time Heist,Time Heist,,
8,806,1,45,2014-09-27,0,0,0,0,0,0,0,0,0,0,0,y,0,The Caretaker,The Caretaker,,
8,807,1,45,2014-10-04,0,0,0,0,0,0,0,0,0,0,0,y,0,Kill the Moon,Kill the Moon,,
8,808,1,45,2014-10-11,0,0,0,0,0,0,0,0,0,0,0,y,0,Mummy on the Orient Express,Mummy on the Orient Express,,
8,809,1,45,2014-10-18,0,0,0,0,0,0,0,0,0,0,0,y,0,Flatline,Flatline,,
8,810,1,45,2014-10-25,0,0,0,0,0,0,0,0,0,0,0,y,0,In the Forest of the Night,In the Forest of the Night,,
8,811,1,45,2014-11-01,0,0,0,0,0,0,0,0,0,0,0,y,0,Dark Water,Dark Water,,
8,812,2,55,2014-11-08,0,0,0,0,0,0,0,0,0,0,0,y,0,Death In Heaven,Death In Heaven,,
9,813,1,60,2014-12-25,0,0,0,0,0,0,0,0,0,0,0,y,0,Last Christmas,Last Christmas,,
9,814,1,45,2015-09-19,0,0,0,0,0,0,0,0,0,0,0,y,0,'The Magician''s Apprentice','The Magician''s Apprentice',,
9,815,2,45,2015-09-26,0,0,0,0,0,0,0,0,0,0,0,y,0,'The Witch''s Familiar','The Witch''s Familiar',,
9,816,1,45,2015-10-03,0,0,0,0,0,0,0,0,0,0,0,y,0,Under The Lake,Under The Lake,,
9,817,2,45,2015-10-10,0,0,0,0,0,0,0,0,0,0,0,y,0,Before the Flood,Before the Flood,,
9,818,1,50,2015-10-17,0,0,0,0,0,0,0,0,0,0,0,y,0,The Girl Who Died,The Girl Who Died,,
9,819,1,45,2015-10-24,0,0,0,0,0,0,0,0,0,0,0,y,0,The Woman Who Lived,The Woman Who Lived,,
9,820,1,45,2015-10-31,0,0,0,0,0,0,0,0,0,0,0,y,0,The Zygon Invasion,The Zygon Invasion,,
9,821,2,50,2015-11-07,0,0,0,0,0,0,0,0,0,0,0,y,0,The Zygon Inversion,The Zygon Inversion,,
9,822,1,45,2015-11-14,0,0,0,0,0,0,0,0,0,0,0,y,0,Sleep No More,Sleep No More,,
9,823,1,45,2015-11-21,0,0,0,0,0,0,0,0,0,0,0,y,0,Face the Raven,Face the Raven,,
9,824,1,55,2015-11-28,0,0,0,0,0,0,0,0,0,0,0,y,0,Heaven Sent,Heaven Sent,,
9,825,2,60,2015-12-05,0,0,0,0,0,0,0,0,0,0,0,y,0,Hell Bent,Hell Bent,,
9,826,1,60,2015-12-25,0,0,0,0,0,0,0,0,0,0,0,y,0,The Husbands of River Song,The Husbands of River Song,,
10,827,1,60,2016-12-25,0,0,0,0,0,0,0,0,0,0,0,y,0,The Return of Doctor Mysterio,The Return of Doctor Mysterio,,
10,828,1,50,2017-04-15,0,0,0,0,0,0,0,0,0,0,0,y,0,The Pilot,The Pilot,,
10,829,1,50,2017-04-22,0,0,0,0,0,0,0,0,0,0,0,y,0,Smile,Smile,,
10,830,1,45,2017-04-29,0,0,0,0,0,0,0,0,0,0,0,y,0,Thin Ice,Thin Ice,,
10,831,1,45,2017-05-06,0,0,0,0,0,0,0,0,0,0,0,y,0,Knock Knock,Knock Knock,,
10,832,1,45,2017-05-13,0,0,0,0,0,0,0,0,0,0,0,y,0,Oxygen,Oxygen,,
10,833,1,49,2017-05-20,0,0,0,0,0,0,0,0,0,0,0,y,0,Extremis,Extremis,,
10,834,2,46,2017-05-27,0,0,0,0,0,0,0,0,0,0,0,y,0,The Pyramid at the End of the World,The Pyramid at the End of the World,,
10,835,3,45,2017-06-03,0,0,0,0,0,0,0,0,0,0,0,y,0,The Lie of the Land,The Lie of the Land,,
10,836,1,45,2017-06-10,0,0,0,0,0,0,0,0,0,0,0,y,0,The Empress of Mars,The Empress of Mars,,
10,837,1,45,2017-06-17,0,0,0,0,0,0,0,0,0,0,0,y,0,The Eaters of Light,The Eaters of Light,,
10,838,1,45,2017-06-24,0,0,0,0,0,0,0,0,0,0,0,y,0,World Enough and Time,World Enough and Time,,
10,839,2,60,2017-07-01,0,0,0,0,0,0,0,0,0,0,0,y,0,The Doctor Falls,The Doctor Falls,,
10,840,1,60,2017-12-25,y,0,0,0,0,0,0,0,0,0,0,y,0,Twice Upon A Time,Twice Upon A Time,,
11,841,1,63,2018-10-07,y,0,0,0,0,0,0,0,0,0,0,y,y,The Woman Who Fell to Earth,The Woman Who Fell to Earth,,
11,842,1,49,2018-10-14,0,0,0,0,0,0,0,0,0,0,0,0,y,The Ghost Monument,The Ghost Monument,,
11,843,1,50,2018-10-21,0,0,0,0,0,0,0,0,0,0,0,0,y,Rosa,Rosa,,
11,844,1,50,2018-10-28,0,0,0,0,0,0,0,0,0,0,0,0,y,Arachnids in the UK,Arachnids in the UK,,
11,845,1,51,2018-11-04,0,0,0,0,0,0,0,0,0,0,0,0,y,The Tsuranga Conundrum,The Tsuranga Conundrum,,
11,846,1,51,2018-11-11,0,0,0,0,0,0,0,0,0,0,0,0,y,Demons of the Punjab,Demons of the Punjab,,
11,847,1,50,2018-11-18,0,0,0,0,0,0,0,0,0,0,0,0,y,Kerblam!,Kerblam!,,
11,848,1,46,2018-11-25,0,0,0,0,0,0,0,0,0,0,0,0,y,The Witchfinders,The Witchfinders,,
11,849,1,49,2018-12-02,0,0,0,0,0,0,0,0,0,0,0,0,y,It Takes You Away,It Takes You Away,,
11,850,1,49,2018-12-09,0,0,0,0,0,0,0,0,0,0,0,0,y,The Battle of Ranskoor Av Kolos,The Battle of Ranskoor Av Kolos,,
11,851,1,60,2019-01-01,0,0,0,0,0,0,0,0,0,0,0,0,y,Resolution,Resolution,,
12,852,1,60,2020-01-01,0,0,0,0,0,0,0,0,0,0,0,0,y,Spyfall,Spyfall,,
12,853,2,60,2020-01-05,0,0,0,0,0,0,0,0,0,0,0,0,y,Spyfall,0,,
12,854,1,46,2020-01-12,0,0,0,0,0,0,0,0,0,0,0,0,y,Orphan 55,Orphan 55,,
12,855,1,50,2020-01-19,0,0,0,0,0,0,0,0,0,0,0,0,y,'Nikola Tesla''s Night of Terror','Nikola Tesla''s Night of Terror',,
12,856,1,50,2020-01-26,0,0,0,0,0,0,0,0,0,0,0,0,y,Fugitive of the Judoon,Fugitive of the Judoon,,
12,857,1,49,2020-02-02,0,0,0,0,0,0,0,0,0,0,0,0,y,Praxeus,Praxeus,,
12,858,1,49,2020-02-09,0,0,0,0,0,0,0,0,0,0,0,0,y,Can You Hear Me?,Can You Hear Me?,,
12,859,1,49,2020-02-16,0,0,0,0,0,0,0,0,0,0,0,0,y,The Haunting of Villa Diodati,The Haunting of Villa Diodati,,
12,860,1,49,2020-02-23,0,0,0,0,0,0,0,0,0,0,0,0,y,Ascension of the Cybermen,Ascension of the Cybermen,,
12,861,2,65,2020-03-01,0,0,0,0,0,0,0,0,0,0,0,0,y,The Timeless Children,The Timeless Children,,
12,862,1,70,2021-01-01,0,0,0,0,0,0,0,0,0,0,0,0,y,Revolution of the Daleks,Revolution of the Daleks,,
13,863,1,49,2021-10-31,0,0,0,0,0,0,0,0,0,0,0,0,y,The Halloween Apocalypse,The Halloween Apocalypse,,
13,864,1,59,2021-11-07,0,0,0,0,0,0,0,0,0,0,0,0,y,War of the Sontarans,War of the Sontarans,,
13,865,1,49,2021-11-14,0,0,0,0,0,0,0,0,0,0,0,0,y,'Once, Upon Time','Once, Upon Time'
13,866,1,56,2021-11-21,0,0,0,0,0,0,0,0,0,0,0,0,y,Village of the Angels,Village of the Angels,,
13,867,1,50,2021-11-28,0,0,0,0,0,0,0,0,0,0,0,0,y,Survivors of the Flux,Survivors of the Flux,,
13,868,1,60,2021-12-05,0,0,0,0,0,0,0,0,0,0,0,0,y,The Vanquishers,The Vanquishers,,
13,869,1,58,2022-01-01,0,0,0,0,0,0,0,0,0,0,0,0,y,Eve of the Daleks,Eve of the Daleks,,
13,870,1,47,2022-04-17,0,0,0,0,0,0,0,0,0,0,0,0,y,Legend of the Sea Devils,Legend of the Sea Devils,,
